id,label,layer,layer_title,body,definition,explanation,example
1.1,Principle of relativity,1,Foundational Postulates,"The laws of physics are the same in all \cref{Inertial frames}{2.1}. No experiment can distinguish uniform motion from rest.   When combined with the \cref{Constancy of the speed of light}{1.2}, this postulate determines the form of the \cref{Lorentz transformations}{3.1}, which are the cornerstone of special relativity.",The principle of relativity states that the laws of physics have the same form in every \cref{Inertial frames}{2.1}. There is no experiment performed wholly within a uniformly moving laboratory that can identify that laboratory as being absolutely at rest.,"This principle is a symmetry statement about physical law, not merely a claim about human perception. It says that uniform motion is only relative: one inertial observer may describe a system as moving, while another describes themselves as moving instead, but both must use the same basic laws. In Newtonian mechanics this idea is compatible with Galilean transformations, but in special relativity it must also be reconciled with the \cref{Constancy of the speed of light}{1.2}. The result is that space and time coordinates cannot transform independently; they must mix according to the \cref{Lorentz transformations}{3.1}. In modern language the principle points toward \cref{Lorentz invariance}{11.1}: physical equations should be expressible in a form that is valid for all inertial observers.","A sealed train moving smoothly in a straight line provides the standard analogy. Experiments with balls, springs, or clocks inside the carriage reveal motion relative to the carriage, but not the train's uniform speed relative to the ground. Special relativity extends this idea to optical and electromagnetic experiments as well."
1.2,Constancy of the speed of light,1,Foundational Postulates,"Light in vacuum propagates at the same speed \(c\) for all \cref{Inertial frames}{2.1}.   Combined with the \cref{Principle of relativity}{1.1}, this eliminates absolute simultaneity and implies that transformations between frames must preserve a single invariant measure — the \cref{Spacetime interval}{3.2}.   That invariant structure is expressed mathematically through the \cref{Lorentz transformations}{3.1} and later encoded by the \cref{Metric tensor}{3.3}.","The constancy of the speed of light states that light in vacuum propagates with the same speed \(c\) for every \cref{Inertial frames}{2.1}, independent of the motion of the source or observer. This invariant speed is a structural feature of spacetime, not just a property of a particular lamp or measuring device.","Taken together with the \cref{Principle of relativity}{1.1}, this postulate forces a radical change in the relation between space and time. If all inertial observers measure the same light speed, then observers who disagree about distances and times must nevertheless agree about which spacetime separations can be connected by light signals. This leads naturally to the \cref{Spacetime interval}{3.2}, whose zero value describes lightlike separation, and to the \cref{Light cone}{3.4}, which organizes causal structure around the invariant speed \(c\). The same invariant structure is represented algebraically by the \cref{Metric tensor}{3.3} and operationally by the \cref{Lorentz transformations}{3.1}.","If a flash of light is emitted midway between two mirrors, each inertial observer finds the light moving at speed \(c\), even if they disagree about the time between emission and reflection or about the distance travelled. Their coordinates differ, but the lightlike character of the path is the same."
2.1,Inertial frames,2,Observers and Events,"Reference frames in which a free particle moves at constant velocity unless acted upon by forces.   According to the \cref{Principle of relativity}{1.1}, the laws of physics take the same form in all inertial frames.    Coordinates describing a \cref{Spacetime event}{2.2} in different inertial frames are related by the \cref{Lorentz transformations}{3.1}.   These transformations preserve the invariant geometry encoded in the \cref{Spacetime interval}{3.2}.","An inertial frame is a reference frame in which a free particle, one not acted on by a net force, moves with constant velocity. In special relativity, inertial frames are the frames to which the \cref{Principle of relativity}{1.1} applies: each gives an equally valid description of the same physical laws.","The idea of an inertial frame separates genuine acceleration from mere uniform relative motion. Different inertial observers may assign different coordinates, velocities, and times to the same process, but none of them is privileged as the absolutely stationary observer. This is why the coordinates of a \cref{Spacetime event}{2.2} must be related systematically between frames. In Newtonian mechanics that relation is Galilean; in special relativity it is the \cref{Lorentz transformations}{3.1}, because all inertial observers must also agree on the \cref{Constancy of the speed of light}{1.2}. The invariant content of their descriptions is captured by quantities such as the \cref{Spacetime interval}{3.2}, even though individual space and time coordinates differ.","A train moving smoothly in a straight line at constant speed is approximately an inertial frame. A ball released inside the carriage falls as it would in the station frame, apart from small vibrations or accelerations. A train braking, turning, or jolting is not inertial, because freely moving objects inside appear to accelerate without an ordinary applied force."
2.2,Spacetime event,2,Observers and Events,"A point in spacetime representing where and when a physical occurrence takes place.   In a given \cref{Inertial frame}{2.1}, an event is described by four coordinates  \[ (ct,x,y,z) \]  which together form the \cref{Position four-vector}{4.3}.    The separation between two events is characterized by the \cref{Spacetime interval}{3.2}, which remains invariant under \cref{Lorentz transformations}{3.1}.","A spacetime event is a single occurrence specified by both where and when it happens. In one of the \cref{Inertial frames}{2.1}, an event is assigned four coordinates, commonly written \((ct,x,y,z)\), which may be assembled into the \cref{Position four-vector}{4.3}.","Events are the basic points of spacetime. They are not extended objects or processes: a particle's whole history is a chain of events, while one tick of a clock, one emission of a light pulse, or one collision can be idealized as a single event. Different inertial observers may assign different coordinate values to the same event, but they are describing the same physical occurrence. What remains invariant is not the separate time or space coordinate, but the relation between pairs of events, especially the \cref{Spacetime interval}{3.2}. The \cref{Lorentz transformations}{3.1} provide the rule for translating the coordinates of events from one inertial frame to another while preserving that invariant separation.","The flash of a bulb at the origin of a laboratory at noon is an event. One observer may label it \((ct,x,y,z)=(0,0,0,0)\), while a moving observer assigns different coordinates. Both are referring to the same flash; their disagreement is about the coordinate description, not about whether the event occurred."
2.3,Principle of locality,2,Observers and Events,"Physical interactions depend only on quantities defined at the same \cref{Spacetime event}{2.2}.   Fields and particles influence one another through local interactions rather than instantaneous action at a distance.  Combined with the \cref{Constancy of the speed of light}{1.2}, locality implies that causal influence propagates within the \cref{Light cone}{3.4} structure of spacetime.","The principle of locality says that physical interactions at a point depend only on quantities present at the same \cref{Spacetime event}{2.2}, or infinitesimally near it. In relativistic physics this excludes instantaneous action at a distance and fits naturally with causal influence limited by the \cref{Light cone}{3.4}.","Locality is the assumption that nature can be described by relations between neighbouring events rather than by direct influences across arbitrary distances. In a field theory, this means that the equations at a spacetime point involve the fields and their derivatives at that point, not the state of the whole universe at once. This is one reason relativistic dynamics is naturally expressed in terms of local fields, such as a \cref{Scalar field}{6.1} or \cref{Vector field}{6.2}, and a local \cref{Field Lagrangian}{6.3}. Combined with the \cref{Constancy of the speed of light}{1.2}, locality gives physical meaning to the light-cone structure: causes must lie within, or on, the past light cone of their effects.","If an electric charge is shaken here, a distant charge does not respond instantaneously. The disturbance propagates through the electromagnetic field and can influence the distant charge only after enough time has passed for a signal moving no faster than \(c\) to reach it."
3.1,Lorentz transformations,3,Minkowski Geometry,"Linear transformations connecting coordinates of a \cref{Spacetime event}{2.2} between different \cref{Inertial frames}{2.1}.    They preserve the invariant quantity known as the \cref{Spacetime interval}{3.2}, ensuring consistency with both the \cref{Principle of relativity}{1.1} and the \cref{Constancy of the speed of light}{1.2}.    In matrix form the transformation acts on a \cref{Four-vector}{4.2}, leaving invariant inner products defined using the \cref{Metric tensor}{3.3}.","The Lorentz transformations are the coordinate transformations that relate measurements of the same \cref{Spacetime event}{2.2} made in different \cref{Inertial frames}{2.1}. They replace the Galilean transformations of Newtonian mechanics and are constructed so that the \cref{Spacetime interval}{3.2}, and hence the speed of light, is preserved.","Lorentz transformations express the central geometrical change introduced by special relativity: space and time coordinates are not separately absolute. Two inertial observers in relative motion disagree about lengths, times, and simultaneity, but their coordinates are connected by transformations that preserve the invariant structure of Minkowski spacetime. Algebraically, a Lorentz transformation acts on a \cref{Four-vectors}{4.2} and leaves the inner product defined by the \cref{Metric tensor}{3.3} unchanged. Physically, this is what allows the laws of physics to satisfy the \cref{Principle of relativity}{1.1} while also respecting the \cref{Constancy of the speed of light}{1.2}. In a \cref{Minkowski diagram}{3.5}, the transformation appears as a hyperbolic rotation of the time and space axes rather than an ordinary Euclidean rotation.","For two frames with relative speed along the x-axis, the Lorentz transformation mixes the time coordinate with the x coordinate. Events that are simultaneous in one frame need not be simultaneous in the other, but lightlike separations remain lightlike and the spacetime interval between any two events is unchanged."
3.2,Spacetime interval,3,Minkowski Geometry,"The invariant measure of separation between two \cref{Spacetime events}{2.2}.   Using coordinates in any \cref{Inertial frame}{2.1}, it is defined as  \[ s^2 = \eta_{\mu\nu} x^\mu x^\nu    = c^2 t^2 - x^2 - y^2 - z^2 \]  where \( \eta_{\mu\nu} \) is the \cref{Metric tensor}{3.3}.    This quantity remains unchanged under the \cref{Lorentz transformations}{3.1}, making it the fundamental invariant of Minkowski spacetime.","The spacetime interval is the invariant measure of separation between two \cref{Spacetime events}{2.2}. In flat spacetime it combines time and space separations into a single quantity, commonly written \(s^2=c^2t^2-x^2-y^2-z^2\), whose value is unchanged by \cref{Lorentz transformations}{3.1}.","The interval is the analogue, in Minkowski spacetime, of distance in Euclidean geometry, but with a crucial sign difference between the time and space parts. This sign difference makes it possible to classify separations as timelike, lightlike, or spacelike. Timelike-separated events can lie on the worldline of a massive object, lightlike-separated events can be connected by light signals, and spacelike-separated events cannot be causally connected without exceeding the invariant speed \(c\). The interval is computed using the \cref{Metric tensor}{3.3}, and its invariance is the defining geometrical property preserved by Lorentz transformations. For timelike paths, the interval is directly related to \cref{Proper time}{4.1}, the time measured by a clock travelling along the path.","If a light pulse travels a distance \(x=ct\) in one spatial dimension, then \(s^2=c^2t^2-x^2=0\). Another inertial observer may assign different values of \(t\) and \(x\), but will also find \(s^2=0\). The separation is lightlike for everyone."
3.3,Metric tensor,3,Minkowski Geometry,"The tensor  \[ \eta_{\mu\nu} = \mathrm{diag}(1,-1,-1,-1) \]  defines inner products of \cref{Four-vectors}{4.2} and determines the \cref{Spacetime interval}{3.2}.    It encodes the geometric structure of Minkowski spacetime and remains invariant under \cref{Lorentz transformations}{3.1}.","The metric tensor is the mathematical object that defines inner products and intervals in spacetime. In standard inertial coordinates for special relativity it is the Minkowski metric, often written \(\eta_{\mu\nu}=\mathrm{diag}(1,-1,-1,-1)\), and it determines the \cref{Spacetime interval}{3.2}.","The metric tells us how to turn coordinate components into invariant geometrical quantities. Given two \cref{Four-vectors}{4.2}, the metric specifies their spacetime inner product; given the coordinate separation between two events, it gives the spacetime interval. The different signs in the metric distinguish time from space and are responsible for the light-cone structure of relativity. Lorentz transformations are precisely the linear transformations that leave this metric unchanged, so the metric is a compact way of encoding the geometry common to all inertial observers. Later, the same tensor notation makes it possible to write field equations, conservation laws, and Lorentz-invariant quantities in a manifestly covariant form, linking this concept to \cref{Lorentz invariance}{11.1}.","For a displacement four-vector \(x^\mu=(ct,x,y,z)\), contraction with the metric gives \(\eta_{\mu\nu}x^\mu x^\nu=c^2t^2-x^2-y^2-z^2\). The metric is what inserts the minus signs for the spatial components."
3.4,Light cone,3,Minkowski Geometry,"The set of spacetime directions for which the \cref{Spacetime interval}{3.2} satisfies  \[ s^2 = 0 \]  corresponding to the path followed by light signals.    The light cone divides spacetime into causal past, causal future, and spacelike regions, ensuring compatibility with the \cref{Principle of locality}{2.3}.","A light cone is the set of spacetime directions from an event that can be reached by light signals, or from which light signals could have reached that event. It is defined by the condition that the \cref{Spacetime interval}{3.2} is zero, separating timelike, lightlike, and spacelike regions.","The light cone gives a geometric picture of causality in special relativity. Events inside the future light cone can in principle be influenced by the original event, while events inside the past light cone could have influenced it. Events outside the cone are spacelike separated: different inertial observers may disagree about their time ordering, so they cannot stand in a direct causal relation without violating the \cref{Constancy of the speed of light}{1.2}. This makes the light cone the natural geometric expression of the \cref{Principle of locality}{2.3}. In a \cref{Minkowski diagram}{3.5}, the light cone is usually drawn as 45-degree lines when units are chosen so that \(c=1\).","If a flash occurs at an event, the expanding spherical wavefront of light marks the future light cone. A detector inside that cone may receive slower-than-light signals from the flash; a detector outside it cannot yet have been affected."
3.5,Minkowski diagram,3,Minkowski Geometry,"A geometric representation of spacetime in which \cref{Spacetime events}{2.2} are plotted using time and space axes.    The \cref{Light cone}{3.4} appears as lines at \(45^\circ\), illustrating the invariant causal structure of spacetime.   The effect of \cref{Lorentz transformations}{3.1} appears as a hyperbolic rotation of the coordinate axes.","A Minkowski diagram is a spacetime diagram that plots events using one time axis and one or more space axes, usually with only one spatial dimension shown. It provides a visual representation of \cref{Spacetime events}{2.2}, \cref{Light cone}{3.4} structure, and the action of \cref{Lorentz transformations}{3.1}.","Minkowski diagrams are useful because they make the geometry of special relativity visible. Worldlines show the histories of particles or signals; steeper or shallower slopes correspond to different velocities depending on the convention for the axes. The light cone marks the invariant boundary between causal and non-causal separations. A moving inertial frame can be drawn with tilted axes, showing geometrically why simultaneity, length, and time intervals are frame-dependent. The diagram should not be read as ordinary Euclidean geometry: the preserved quantity is the hyperbolic geometry of the \cref{Spacetime interval}{3.2}, not visual angle or ordinary distance on the page.","A stationary particle is drawn as a vertical worldline in its own rest frame. A light ray is drawn along the light-cone line. A moving observer has a tilted time axis, and lines of simultaneity tilted in the opposite sense, illustrating why two observers slice spacetime into space and time differently."
4.1,Proper time,4,Relativistic Kinematics,"The invariant time measured along the world-line of a particle moving between two \cref{Spacetime events}{2.2}.   For motion in a given \cref{Inertial frame}{2.1}, the infinitesimal interval of proper time is defined by the \cref{Spacetime interval}{3.2}:  \[ d\tau^2 = dt^2 - \frac{dx^2 + dy^2 + dz^2}{c^2}. \]  Unlike coordinate time, proper time is the same for all observers related by \cref{Lorentz transformations}{3.1}.   It therefore provides a natural parameter for relativistic motion.","Proper time is the time measured by a clock that travels along a particular particle's worldline between two \cref{Spacetime events}{2.2}. It is invariant: all \cref{Inertial frames}{2.1} agree on the amount of proper time along the same physical path, even though they may disagree about coordinate time and distance.","Proper time is the natural parameter for relativistic motion because it belongs to the moving object itself rather than to any chosen frame of reference. For timelike motion it is obtained from the \cref{Spacetime interval}{3.2}: small intervals of proper time satisfy \(d\tau^2 = dt^2 - (dx^2+dy^2+dz^2)/c^2\), using coordinates in any inertial frame. The value of \(d\tau\) is preserved by \cref{Lorentz transformations}{3.1}, which is why it can be used to define frame-independent quantities such as the \cref{Velocity four-vector}{4.4}. Geometrically, proper time is associated with paths that remain inside the \cref{Light cone}{3.4}; lightlike paths have zero proper time.","If two twins separate and later reunite, each twin's wristwatch measures the proper time along that twin's own path through spacetime. The travelling twin may accumulate less proper time than the stay-at-home twin, not because either clock is faulty, but because the two worldlines have different spacetime lengths."
4.2,Four-vectors,4,Relativistic Kinematics,"Objects with four components that transform linearly under \cref{Lorentz transformations}{3.1}.   A four-vector \(A^\mu\) has components  \[ A^\mu = (A^0,A^1,A^2,A^3) \]  whose invariant inner product is defined using the \cref{Metric tensor}{3.3}.    Examples include the \cref{Position four-vector}{4.3}, the \cref{Velocity four-vector}{4.4}, and the \cref{Momentum four-vector}{4.5}.   Four-vectors provide a compact way of expressing relativistic laws so that their invariance under changes of \cref{Inertial frames}{2.1} is manifest.",A four-vector is an object with four components that transform under \cref{Lorentz transformations}{3.1} in the same way as the coordinates of a spacetime displacement. Four-vectors provide the basic language for writing relativistic laws in a form that is independent of the chosen inertial frame.,"The point of a four-vector is not merely that it has four numbers, but that those numbers mix in a precise way when one changes between \cref{Inertial frames}{2.1}. This transformation rule ensures that scalar products formed with the \cref{Metric tensor}{3.3} are invariant. Four-vectors therefore separate coordinate-dependent descriptions from frame-independent physical content. The \cref{Position four-vector}{4.3}, \cref{Velocity four-vector}{4.4}, and \cref{Momentum four-vector}{4.5} are central examples. Once a law is expressed as an equality between four-vectors, its covariance under changes of inertial frame is usually manifest.","The displacement between two events can be written as a four-vector \(\Delta x^\mu=(c\Delta t,\Delta x,\Delta y,\Delta z)\). Different observers assign different components to this displacement, but all agree on the invariant interval obtained by contracting it with the metric."
4.3,Position four-vector,4,Relativistic Kinematics,"The coordinates of a \cref{Spacetime event}{2.2} arranged into a \cref{Four-vector}{4.2}:  \[ x^\mu = (ct,x,y,z). \]  Differences between position four-vectors determine the \cref{Spacetime interval}{3.2}.   Under \cref{Lorentz transformations}{3.1}, the components of \(x^\mu\) mix so that different observers assign different space and time coordinates to the same event while preserving the invariant interval.","The position four-vector is the packaging of the coordinates of a \cref{Spacetime event}{2.2} into a single relativistic object, usually written \(x^\mu=(ct,x,y,z)\). It is the prototype example of a \cref{Four-vector}{4.2}.","The position four-vector makes explicit that time and space coordinates are not separate absolute quantities in special relativity. When changing inertial frame, the time component \(ct\) and the spatial components mix according to \cref{Lorentz transformations}{3.1}. The physical event is the same, but its coordinate description changes. Differences between position four-vectors are especially important: the invariant length of \(\Delta x^\mu\) is the \cref{Spacetime interval}{3.2}. This is why the position four-vector is the starting point for defining relativistic velocity, momentum, and field equations in spacetime form.","If a spark occurs at time \(t\) and position \((x,y,z)\) in one laboratory frame, its position four-vector is \((ct,x,y,z)\). A second observer moving relative to the laboratory assigns a different four-vector of components, but both descriptions refer to the same spark."
4.4,Velocity four-vector,4,Relativistic Kinematics,"Defined as the derivative of the \cref{Position four-vector}{4.3} with respect to \cref{Proper time}{4.1}:  \[ u^\mu = \frac{dx^\mu}{d\tau}. \]  Because proper time is invariant, the velocity four-vector transforms as a true \cref{Four-vector}{4.2}.   Its invariant magnitude satisfies  \[ u^\mu u_\mu = c^2. \]  Multiplying the velocity four-vector by mass yields the \cref{Momentum four-vector}{4.5}.","The velocity four-vector is the derivative of the \cref{Position four-vector}{4.3} with respect to \cref{Proper time}{4.1}, written \(u^\mu = dx^\mu/d\tau\). Because proper time is invariant, this derivative transforms as a genuine \cref{Four-vector}{4.2}.","Ordinary three-velocity depends strongly on the chosen frame, and its components do not by themselves form a four-vector. The velocity four-vector repairs this by measuring change along the particle's own worldline per unit proper time. Its time component is related to the Lorentz factor, while its spatial components are related to the usual three-velocity multiplied by that factor. The invariant magnitude of the velocity four-vector is fixed, usually \(u^\mu u_\mu=c^2\) with the chosen sign convention. This fixed magnitude reflects the fact that massive particles always move through spacetime at a definite four-dimensional rate, even though their ordinary speeds differ between observers.","A particle at rest in a particular inertial frame has zero ordinary spatial velocity in that frame, but it still has a nonzero velocity four-vector because it is advancing through time. In a frame where the same particle is moving, the time and spatial components change together according to a Lorentz transformation."
4.5,Momentum four-vector,4,Relativistic Kinematics,"The relativistic generalization of momentum, defined by  \[ p^\mu = m u^\mu, \]  where \(u^\mu\) is the \cref{Velocity four-vector}{4.4}.    Its components are  \[ p^\mu = (E/c,\,\vec p), \]  combining energy and three-momentum into a single \cref{Four-vector}{4.2}.   The invariant magnitude of \(p^\mu\) expresses the relativistic energy–momentum relation.","The momentum four-vector combines a particle's energy and three-momentum into one relativistic object, commonly written \(p^\mu=(E/c,\vec p)\). For a massive particle it is defined by \(p^\mu=m u^\mu\), where \(u^\mu\) is the \cref{Velocity four-vector}{4.4}.","In Newtonian mechanics, energy and momentum are related but distinct quantities. Special relativity joins them into a single \cref{Four-vector}{4.2}, so that a change of inertial frame mixes energy with momentum just as it mixes time with space. The invariant magnitude of the momentum four-vector, computed using the \cref{Metric tensor}{3.3}, gives the rest-mass relation \(p^\mu p_\mu = m^2c^2\) with the common sign convention used here. Written in components, this is equivalent to the energy--momentum relation \(E^2 = p^2c^2 + m^2c^4\). This compact form is one reason four-vector notation is so powerful in relativistic dynamics.","A particle at rest has zero three-momentum but still has momentum four-vector \((mc,0,0,0)\), corresponding to rest energy \(E=mc^2\). In a moving frame its energy and three-momentum are both nonzero, while the invariant magnitude of \(p^\mu\) remains fixed by the particle's mass."
5.1,Action principle,5,Variational Mechanics,"The dynamics of a physical system are determined by the requirement that the action  \[ S = \int L\, dt \]  is stationary with respect to small variations of the path.    Here \(L\) is the \cref{Lagrangian}{5.2}.   This principle provides a unified way of deriving equations of motion consistent with relativistic invariance under \cref{Lorentz transformations}{3.1}.","The action principle states that the actual history of a physical system is one for which the action is stationary under small allowed variations. In particle mechanics the action is usually written as an integral of the \cref{Lagrangian}{5.2} along a path, and the resulting stationarity condition determines the equations of motion.","The action principle is a compact way of turning physical assumptions into dynamics. Instead of writing force laws directly, one specifies a single scalar quantity, the action, and asks which path makes its first-order variation vanish. This is powerful because symmetries and invariances can be built into the action from the start. In special relativity, a suitable action should not depend on the arbitrary coordinates chosen by a particular \cref{Inertial frames}{2.1}; it should be compatible with \cref{Lorentz transformations}{3.1} and, more generally, with \cref{Lorentz invariance}{11.1}. The same idea extends naturally from particles to fields, where the action is built by integrating a \cref{Field Lagrangian}{6.3} over spacetime.","For a free relativistic particle, the action can be chosen proportional to the \cref{Proper time}{4.1} along the particle's worldline. Varying the worldline then selects inertial straight-line motion as the stationary path, just as ordinary mechanics selects the path satisfying Newton's laws."
5.2,Lagrangian,5,Variational Mechanics,A function of generalized coordinates and velocities whose integral defines the action in the \cref{Action principle}{5.1}.    For relativistic systems the Lagrangian can be constructed using invariant quantities derived from the \cref{Spacetime interval}{3.2} or from combinations of \cref{Four-vectors}{4.2}.    The equations of motion follow from the \cref{Euler–Lagrange equations}{5.3}.,"A Lagrangian is a function that encodes the dynamics of a system in terms of its generalized coordinates and velocities. For a particle system it is usually written \(L(q,\dot q,t)\), and its time integral gives the action \(S=\int L\,dt\) used in the \cref{Action principle}{5.1}.","The Lagrangian is not itself usually an observable quantity like position, velocity, or energy. Its importance is that, when inserted into the action and varied, it generates the equations of motion through the \cref{Euler–Lagrange equations}{5.3}. This makes it a compact way of representing the physical assumptions of a theory. In relativistic physics, the Lagrangian should be constructed from quantities that are invariant, or transform appropriately, under \cref{Lorentz transformations}{3.1}. This is why relativistic Lagrangians are often built from the \cref{Spacetime interval}{3.2}, proper time, or contractions of \cref{Four-vectors}{4.2}.","For a non-relativistic particle in a potential \(V(q)\), the standard Lagrangian is \(L=T-V\), where \(T\) is kinetic energy. For a free relativistic particle, the action is proportional to the proper time along its worldline, so the Lagrangian is chosen to reflect the invariant length of the particle's path through spacetime."
5.3,Euler–Lagrange equations,5,Variational Mechanics,The equations obtained by varying the action defined in the \cref{Action principle}{5.1}.   For a coordinate \(q\) they take the form  \[ \frac{d}{dt}\frac{\partial L}{\partial \dot q} - \frac{\partial L}{\partial q} = 0. \]  These equations determine the dynamics implied by a chosen \cref{Lagrangian}{5.2}.,"The Euler–Lagrange equations are the differential equations obtained by applying the \cref{Action principle}{5.1} to a chosen \cref{Lagrangian}{5.2}. For a coordinate \(q\), they state that \(\frac{d}{dt}\frac{\partial L}{\partial \dot q}-\frac{\partial L}{\partial q}=0\).","These equations are the bridge between the variational formulation and ordinary equations of motion. The action principle says that the first-order change in the action should vanish for all small variations of the path; carrying out that calculation produces the Euler–Lagrange equations. They are especially useful because the same mathematical pattern works for many different systems: particles, constrained coordinates, relativistic worldlines, and eventually fields. In field theory the variables being varied are not just particle coordinates but field values at each \cref{Spacetime event}{2.2}, leading to \cref{Field equations}{6.4}.","For a non-relativistic particle with \(L=\tfrac12 m\dot x^2-V(x)\), the Euler–Lagrange equation gives \(m\ddot x=-dV/dx\). Thus Newton's second law appears as a consequence of stationary action rather than as a separate starting postulate."
5.4,Hamiltonian formalism,5,Variational Mechanics,"A reformulation of mechanics derived from the \cref{Lagrangian}{5.2} by introducing the \cref{Canonical momentum}{5.5}.   The Hamiltonian is defined by  \[ H = p\dot q - L. \]  Time evolution is then described by Hamilton’s equations.   Although equivalent to the \cref{Euler–Lagrange equations}{5.3}, this formulation clarifies the structure of conserved quantities.","Hamiltonian formalism rewrites mechanics in terms of coordinates and their conjugate momenta rather than coordinates and velocities. It is obtained from the \cref{Lagrangian}{5.2} by introducing \cref{Canonical momentum}{5.5} and forming the Hamiltonian, which then generates time evolution through Hamilton's equations.","The Hamiltonian formulation is usually equivalent to the \cref{Euler–Lagrange equations}{5.3}, but it organizes the theory differently. Instead of asking how a configuration evolves through velocity space, it describes motion as a trajectory through phase space, whose coordinates are \(q\) and \(p\). This makes conserved quantities, symmetries, and transformations especially transparent. The Hamiltonian often corresponds to the total energy, although that identification depends on the system and on how time enters the Lagrangian. The formalism also prepares the ground for later developments, because canonical variables are the natural starting point for Poisson brackets, quantization, and the symmetry ideas associated with \cref{Noether's theorem}{5.6}.","For a simple particle with \(L=\tfrac12m\dot q^2-V(q)\), the canonical momentum is \(p=m\dot q\), and the Hamiltonian is \(H=p^2/(2m)+V(q)\). Hamilton's equations then reproduce the same motion as the original Lagrangian description."
5.5,Canonical momentum,5,Variational Mechanics,"The momentum conjugate to a coordinate \(q\), defined from the \cref{Lagrangian}{5.2} as  \[ p = \frac{\partial L}{\partial \dot q}. \]  In relativistic systems it is closely related to the \cref{Momentum four-vector}{4.5}.   Canonical momentum plays a central role in the \cref{Hamiltonian formalism}{5.4} and later in the introduction of electromagnetic interaction.","Canonical momentum is the momentum conjugate to a coordinate in the Lagrangian formulation. For a coordinate \(q\), it is defined by \(p=\partial L/\partial \dot q\), so it measures how the \cref{Lagrangian}{5.2} changes when the corresponding velocity is changed.","Canonical momentum is not merely the everyday quantity mass times velocity, although it reduces to that in simple non-relativistic examples. It is a structural quantity defined by the Lagrangian, and it is the variable paired with position in the \cref{Hamiltonian formalism}{5.4}. In relativistic mechanics it is closely related to the \cref{Momentum four-vector}{4.5}, but in interacting systems the distinction between canonical momentum and kinetic or mechanical momentum matters. This becomes important in electromagnetism, where \cref{Minimal coupling}{8.3} introduces the \cref{Vector potential \(A_\mu\)}{7.1} into the particle's Lagrangian and changes the canonical momentum.","For \(L=\tfrac12m\dot q^2-V(q)\), the canonical momentum is \(p=m\dot q\). For a charged particle in an electromagnetic potential, the canonical momentum contains an additional potential-dependent term, so it is not simply the particle's mechanical momentum."
5.6,Noether's theorem,5,Variational Mechanics,"A fundamental result connecting symmetry and conservation laws.   Every continuous symmetry of the action in the \cref{Action principle}{5.1} implies a conserved quantity.  For example, invariance under spacetime translations leads to conservation of energy and momentum, which are later expressed through the \cref{Energy–momentum tensor}{9.4}.","Noether's theorem states that every continuous symmetry of the action corresponds to a conserved quantity. It links the variational structure of the \cref{Action principle}{5.1} directly to conservation laws such as conservation of energy, momentum, angular momentum, and charge.","The theorem explains why conservation laws are not isolated coincidences. If shifting the time coordinate leaves the action unchanged, energy is conserved; if shifting spatial position leaves it unchanged, momentum is conserved; if rotating the system leaves it unchanged, angular momentum is conserved. In relativistic field theory this idea becomes especially central because spacetime symmetries and internal gauge symmetries are built into the formulation of the theory. The connection between spacetime translations and conserved energy-momentum is later expressed using the \cref{Energy–momentum tensor}{9.4}. The same general philosophy also underlies the importance of \cref{Lorentz invariance}{11.1}: symmetries of spacetime constrain the form of physical laws and their conserved currents.","A Lagrangian that has no explicit time dependence is invariant under time translations. Noether's theorem then says that there is a conserved quantity, usually identified as the energy or Hamiltonian of the system."
6.1,Scalar field,6,Field Foundations,"A quantity that assigns a single value to every \cref{Spacetime event}{2.2}.   A scalar field is therefore a function  \[ \phi(x) \]  defined over spacetime.    Unlike a \cref{Four-vector}{4.2}, a scalar field has the same value for all observers related by \cref{Lorentz transformations}{3.1}.   Its dynamics are determined by a \cref{Field Lagrangian}{6.3}, whose variation using the \cref{Euler–Lagrange equations}{5.3} produces relativistic \cref{Field equations}{6.4}.","A scalar field assigns a single number to every \cref{Spacetime event}{2.2}. In relativistic notation it is usually written \(\phi(x)\), where \(x\) denotes the spacetime position; its defining feature is that the field value itself is unchanged by \cref{Lorentz transformations}{3.1}.","A scalar field is the simplest kind of relativistic field because it has no direction or vector components. Different observers may use different coordinates to label the same event, but they agree on the value of the scalar field at that event. This contrasts with a \cref{Four-vectors}{4.2}, whose components mix between time and space under a change of inertial frame. To turn a scalar field into a physical theory one specifies a \cref{Field Lagrangian}{6.3}, usually depending on \(\phi\) and its spacetime derivatives. Varying the corresponding action gives \cref{Field equations}{6.4}, the field-theoretic analogue of the particle equations obtained from the \cref{Euler-Lagrange equations}{5.3}.","Temperature in ordinary space is a useful non-relativistic analogy: it assigns one number to each point. A relativistic scalar field does the same over spacetime. In particle physics, an idealized spin-zero field is described this way: the field value may vary from event to event, but it does not acquire vector components when viewed from another inertial frame."
6.2,Vector field,6,Field Foundations,"A field whose components transform as a \cref{Four-vector}{4.2} under \cref{Lorentz transformations}{3.1}.   At each \cref{Spacetime event}{2.2} it assigns four quantities  \[ A_\mu(x). \]  Vector fields generalize the idea of a relativistic particle variable to systems with infinitely many degrees of freedom.   Their dynamics are determined by a \cref{Field Lagrangian}{6.3}, extending the \cref{Lagrangian}{5.2} formalism to fields.","A vector field assigns a vector-like quantity to every \cref{Spacetime event}{2.2}. In relativistic field theory its components transform as a \cref{Four-vectors}{4.2} under \cref{Lorentz transformations}{3.1}, so observers may disagree about the components while agreeing that they describe one geometric field.","A vector field is richer than a \cref{Scalar field}{6.1} because it carries components with spacetime direction. One may write such a field as \(A_\mu(x)\) or \(A^\mu(x)\), emphasizing that at each event there is a four-component object attached to spacetime. The transformation law is essential: the field is not just four unrelated scalar functions, but a single covariant object whose time and space components mix between inertial observers. Vector fields therefore provide a natural language for relativistic interactions, especially electromagnetism. As with other fields, their dynamics are usually specified by a \cref{Field Lagrangian}{6.3}, extending the \cref{Lagrangian}{5.2} idea from finitely many particle coordinates to continuously many field degrees of freedom.","The electromagnetic vector potential is the standard example. At each event it has components combining an electric potential and a magnetic vector potential into one relativistic object. Different inertial observers split those components differently, but the underlying vector field is the same physical field."
6.3,Field Lagrangian,6,Field Foundations,"A local density  \[ \mathcal{L}(\phi,\partial_\mu \phi) \]  defined at every \cref{Spacetime event}{2.2}.   The action for a field becomes  \[ S = \int \mathcal{L}\, d^4x, \]  extending the \cref{Action principle}{5.1} from particles to continuous fields.    Applying the \cref{Euler–Lagrange equations}{5.3} to this action produces the corresponding \cref{Field equations}{6.4}.   Local dependence on the field and its derivatives reflects the \cref{Principle of locality}{2.3}.","A field Lagrangian is a local Lagrangian density, usually written \(\mathcal{L}\), built from fields and their spacetime derivatives at each \cref{Spacetime event}{2.2}. Its spacetime integral gives the action for a field theory, extending the \cref{Action principle}{5.1} from particle paths to fields over spacetime.","For particles, the action is an integral of a \cref{Lagrangian}{5.2} along a trajectory. For fields, the dynamical object has a value at every spacetime point, so the action is an integral of a density over spacetime. The field Lagrangian is normally written in terms of local quantities such as \(\phi\), \(\partial_\mu\phi\), or vector-field components and their derivatives. This local construction embodies the \cref{Principle of locality}{2.3}: the equations at an event depend on field values and derivatives at that event, not on distant values directly. Applying the variational method, through the \cref{Euler-Lagrange equations}{5.3} generalized to fields, produces the \cref{Field equations}{6.4}.","For a real scalar field, a simple Lagrangian density contains a derivative term describing how the field varies from event to event and a mass or potential term describing local self-interaction. For electromagnetism, the Lagrangian density is built from the electromagnetic field strength rather than directly from particle coordinates."
6.4,Field equations,6,Field Foundations,"Differential equations governing the evolution of a field.   They arise from the \cref{Euler–Lagrange equations}{5.3} applied to a \cref{Field Lagrangian}{6.3}.    Because the Lagrangian density is constructed from quantities transforming covariantly under \cref{Lorentz transformations}{3.1}, the resulting field equations respect relativistic invariance.   For a \cref{Scalar field}{6.1} these equations reduce to the relativistic wave equation, while for a \cref{Vector field}{6.2} they describe electromagnetic dynamics.","Field equations are differential equations that determine how a field varies across spacetime. In Lagrangian field theory they are obtained by varying the action built from a \cref{Field Lagrangian}{6.3}, giving the field version of the \cref{Euler-Lagrange equations}{5.3}.","A field has infinitely many degrees of freedom, one for each spacetime point, so its dynamics are expressed as differential equations rather than as ordinary equations for a finite list of coordinates. Relativistic field equations must be compatible with \cref{Lorentz transformations}{3.1}: observers in different inertial frames should write equations with the same physical content. The particular field determines the form of the equation. A \cref{Scalar field}{6.1} leads to scalar wave-like equations, while a \cref{Vector field}{6.2} can lead to equations for electromagnetic potentials or fields. In this way field equations are the bridge from the abstract variational setup to concrete physical predictions about propagation, sources, and interactions.",The Klein-Gordon equation is a standard example for a relativistic scalar field. Maxwell's equations are the corresponding central example for electromagnetism: they can be written as relativistic field equations governing how electric and magnetic fields evolve and respond to charge and current.
7.1,Vector potential \(A_\mu\),7,Electromagnetic Field,"A \cref{Vector field}{6.2} defined at every \cref{Spacetime event}{2.2}.   Rather than describing the electric and magnetic fields directly, electromagnetism is formulated in terms of this potential field.    The observable electromagnetic quantities arise from derivatives of \(A_\mu\), forming the \cref{Field tensor}{7.2}.   The equations governing \(A_\mu\) follow from an electromagnetic \cref{Field Lagrangian}{6.3}.","The vector potential \(A_\mu\) is a relativistic \cref{Vector field}{6.2} from which the electromagnetic field is obtained by differentiation. It assigns a four-component potential to each \cref{Spacetime event}{2.2}; its derivatives form the \cref{Field tensor}{7.2}, which contains the observable electric and magnetic fields.","The potential is a more primitive variable than the electric and magnetic fields in many relativistic formulations of electromagnetism. Instead of specifying \(\mathbf E\) and \(\mathbf B\) separately, one specifies \(A_\mu\), and the physical field is constructed from how this potential changes from event to event. This makes the connection with the \cref{Field Lagrangian}{6.3} especially natural, because the action can be written in terms of \(A_\mu\) and its derivatives. The potential is not unique: different potentials can represent the same \cref{Electromagnetic field}{7.5}. That freedom becomes the subject of \cref{Gauge invariance}{8.1} and motivates particular choices such as the \cref{Lorenz gauge}{7.7}.",In ordinary three-vector notation the scalar potential \(\phi\) and vector potential \(\mathbf A\) generate the fields by \(\mathbf E=-\nabla\phi-\partial\mathbf A/\partial t\) and \(\mathbf B=\nabla\times\mathbf A\). Relativistically these are combined into one four-potential \(A_\mu\).
7.2,Field tensor \(F_{\mu\nu}\),7,Electromagnetic Field,"An antisymmetric tensor constructed from derivatives of the \cref{Vector potential}{7.1}:  \[ F_{\mu\nu} = \partial_\mu A_\nu - \partial_\nu A_\mu. \]  This tensor transforms covariantly under \cref{Lorentz transformations}{3.1}.   Its components contain the physical \cref{Electric field}{7.3} and \cref{Magnetic field}{7.4}.   In relativistic form, the entire \cref{Electromagnetic field}{7.5} is encoded in \(F_{\mu\nu}\).",The field tensor \(F_{\mu\nu}\) is an antisymmetric tensor built from derivatives of the \cref{Vector potential}{7.1}: \(F_{\mu\nu}=\partial_\mu A_\nu-\partial_\nu A_\mu\). It packages the \cref{Electric field}{7.3} and \cref{Magnetic field}{7.4} into a single Lorentz-covariant object.,"The field tensor is the central object in relativistic electromagnetism because it removes the artificial separation between electric and magnetic fields. Different \cref{Inertial frames}{2.1} may split \(F_{\mu\nu}\) into electric and magnetic components differently, but the tensor itself transforms cleanly under \cref{Lorentz transformations}{3.1}. Its antisymmetry also explains why it has six independent components: three electric and three magnetic. Indices may be raised or lowered using the \cref{Metric tensor}{3.3}, allowing equations such as \(\partial_\mu F^{\mu\nu}=J^\nu\) to be written compactly. In this form, the \cref{Electromagnetic field}{7.5} is not a pair of unrelated vector fields but one spacetime field.","In a chosen inertial frame, the components \(F_{0i}\) correspond to the electric field components, while the purely spatial components \(F_{ij}\) encode the magnetic field. A boost to another frame changes this split, so part of what one observer calls electric may be partly magnetic for another."
7.3,Electric field,7,Electromagnetic Field,"One component of the relativistic \cref{Electromagnetic field}{7.5}.   In terms of the \cref{Field tensor}{7.2}, the electric field components are  \[ E_i = F_{0i}. \]  The electric field describes the force acting on charges at rest in a given \cref{Inertial frame}{2.1}.   Under \cref{Lorentz transformations}{3.1}, electric and magnetic fields mix with one another.",The electric field is the part of the \cref{Electromagnetic field}{7.5} that acts on electric charge even when the charge is instantaneously at rest in a chosen \cref{Inertial frame}{2.1}. In relativistic notation its components appear among the time-space components of the \cref{Field tensor}{7.2}.,"Classically, the electric field is introduced as the force per unit charge. Special relativity keeps that operational meaning but shows that the electric field is not a standalone invariant object. It is one frame-dependent decomposition of the field tensor. When observers change inertial frame, the electric and magnetic components can mix according to the \cref{Lorentz transformations}{3.1}. This is why magnetism can be understood, in part, as a relativistic companion of electricity: what is purely electric in one frame may include a magnetic component in another. The invariant object is the full field tensor, not \(\mathbf E\) by itself.","A charge sitting near a charged plate feels an electric force in the plate\'s rest frame. An observer moving parallel to the plate describes the same physical situation with altered charge densities and currents, and in that description magnetic effects may also appear."
7.4,Magnetic field,7,Electromagnetic Field,The second component of the relativistic \cref{Electromagnetic field}{7.5}.   Its components arise from the spatial parts of the \cref{Field tensor}{7.2}.    Magnetic fields act on moving charges and currents.   In special relativity the magnetic field is not an independent entity but rather part of the same geometric structure as the \cref{Electric field}{7.3}.,The magnetic field is the part of the \cref{Electromagnetic field}{7.5} associated with forces on moving charges and currents in a chosen inertial frame. In the relativistic formulation it is encoded in the spatial components of the antisymmetric \cref{Field tensor}{7.2}.,"The magnetic field is not an independent substance added to the electric field. It is another frame-dependent aspect of the same electromagnetic field tensor. In one frame a charge distribution may be described mainly by an electric field; in another, where the charges are moving, currents appear and a magnetic field is present. This unification explains why \cref{Electric field}{7.3} and magnetic field transform into one another under changes of inertial frame. Magnetic fields are therefore most naturally understood as part of a single relativistic object whose dynamics are governed by \cref{Maxwell\'s equations}{7.6}.","A steady current in a wire produces a magnetic field circling the wire. A moving test charge near the wire feels a magnetic part of the Lorentz force, while another observer may describe the same interaction with a different mixture of electric and magnetic fields."
7.5,Electromagnetic field,7,Electromagnetic Field,"The unified relativistic field combining the \cref{Electric field}{7.3} and \cref{Magnetic field}{7.4}.   This field is fully represented by the antisymmetric \cref{Field tensor}{7.2}.    The dynamics of the electromagnetic field are governed by \cref{Maxwell's equations}{7.6}, which follow from an electromagnetic \cref{Field Lagrangian}{6.3}.","The electromagnetic field is the unified relativistic field whose frame-dependent components are the \cref{Electric field}{7.3} and \cref{Magnetic field}{7.4}. It is represented compactly by the \cref{Field tensor}{7.2}, which describes how charges and currents interact across spacetime.","Before relativity it is tempting to regard electric and magnetic fields as separate physical entities. Special relativity shows that they are two aspects of a single field. Which components are called electric and which are called magnetic depends on the observer\'s inertial frame, but the underlying tensorial field is the same. This is a powerful example of a broader theme: physical theories should be expressed using objects that transform consistently between observers. The electromagnetic field has its own dynamics, described by \cref{Maxwell\'s equations}{7.6}, and those dynamics can be derived from an electromagnetic \cref{Field Lagrangian}{6.3}. It can carry energy, momentum, and stresses, developed later through the energy-momentum description of fields.",An electromagnetic wave travelling through vacuum is not an electric wave plus a separate magnetic wave. It is a single propagating electromagnetic disturbance whose electric and magnetic components are different projections of the same underlying field.
7.6,Maxwell's equations,7,Electromagnetic Field,The relativistic field equations governing the \cref{Electromagnetic field}{7.5}.   In compact covariant form they may be written  \[ \partial_\mu F^{\mu\nu} = J^\nu. \]  These equations describe how electric charges and currents act as sources for the electromagnetic field.   They arise from the \cref{Euler–Lagrange equations}{5.3} applied to the electromagnetic \cref{Field Lagrangian}{6.3}.,"Maxwell\'s equations are the field equations governing the \cref{Electromagnetic field}{7.5}. In relativistic notation their sourced part can be written \(\partial_\mu F^{\mu\nu}=J^\nu\), relating the \cref{Field tensor}{7.2} to the charge-current source represented by the \cref{Four-current}{8.2}.","Maxwell\'s equations say how electric charges and currents create electromagnetic fields and how changing fields propagate. Their relativistic form reveals a compact structure that is partly hidden in the usual three-vector equations. The field tensor contains both electric and magnetic fields, while the four-current contains charge density and current density. The equations are local \cref{Field equations}{6.4}: the behaviour of the field at a spacetime event is related to field derivatives and sources at that event. They can be obtained from the \cref{Euler–Lagrange equations}{5.3} applied to the electromagnetic \cref{Field Lagrangian}{6.3}, making electromagnetism an example of the general variational machinery used for relativistic fields.","In empty space, where \(J^\nu=0\), Maxwell\'s equations imply that disturbances of the electromagnetic field propagate as waves at speed \(c\). With sources present, the same equations describe fields produced by charges, currents, and radiation from accelerated charges."
7.7,Lorenz gauge,7,Electromagnetic Field,"A condition imposed on the \cref{Vector potential}{7.1}:  \[ \partial_\mu A^\mu = 0. \]  This gauge choice simplifies \cref{Maxwell's equations}{7.6}, allowing them to be written as wave equations for the potential.   The physical \cref{Electromagnetic field}{7.5} remains unchanged under such gauge transformations.",The Lorenz gauge is the condition \(\partial_\mu A^\mu=0\) imposed on the \cref{Vector potential}{7.1}. It is a particular gauge choice that simplifies the potential form of \cref{Maxwell\'s equations}{7.6} while leaving the physical \cref{Electromagnetic field}{7.5} unchanged.,"Because the vector potential is not unique, one may impose an additional condition to choose a convenient representative from a family of physically equivalent potentials. The Lorenz gauge is especially useful in relativistic electromagnetism because it is itself Lorentz-covariant and turns the equations for the potential into a clean wave-equation form. It does not add a new physical law; it is a calculational and representational choice allowed by \cref{Gauge invariance}{8.1}. The name is often confused with Lorentz, but the gauge is named after Ludvig Lorenz. Later, the broader idea of selecting such a representative is described as \cref{Gauge fixing}{11.2}.","After imposing the Lorenz gauge, Maxwell\'s equations for the four-potential take a form schematically like a wave equation with source: \(\Box A^\mu = J^\mu\), up to conventional constants and sign choices. This makes the propagation of electromagnetic influences especially transparent."
8.1,Gauge invariance,8,Gauge Symmetry and Interaction,"A fundamental symmetry of the electromagnetic theory in which the \cref{Vector potential}{7.1} can be transformed according to  \[ A_\mu \rightarrow A_\mu + \partial_\mu \Lambda \]  without changing the physical \cref{Electromagnetic field}{7.5}. Because the \cref{Field tensor}{7.2} depends only on derivatives of the potential, it remains unchanged under such transformations.  Gauge invariance therefore reflects a redundancy in the description of the electromagnetic field.  The freedom to choose different potentials describing the same physics leads naturally to conditions such as the \cref{Lorenz gauge}{7.7}.","Gauge invariance is the freedom to change the electromagnetic \cref{Vector potential}{7.1} without changing the physical \cref{Electromagnetic field}{7.5}. In electromagnetism the transformation \(A_\mu \rightarrow A_\mu + \partial_\mu \Lambda\) leaves the \cref{Field tensor}{7.2} unchanged, so different potentials can describe the same physical field.","Gauge invariance is a symmetry of description rather than a symmetry that moves a physical object. The vector potential contains more mathematical information than is directly observable, and some of that information is redundant. What matters physically is the field tensor, which is built from derivatives of the potential in such a way that the added gradient cancels out. This redundancy is not a nuisance: it is a powerful organizing principle. It constrains the form of the electromagnetic theory, explains why conditions such as the \cref{Lorenz gauge}{7.7} are choices rather than new physics, and connects naturally with the symmetry ideas behind \cref{Noether's theorem}{5.6}. In later field theory, gauge invariance becomes one of the central principles used to build interactions.","Two potentials that differ by \(\partial_\mu\Lambda\) may assign different values to \(A_\mu\) at each event, but they produce the same electric and magnetic fields. Choosing the Lorenz gauge is like choosing a convenient coordinate grid on this space of equivalent descriptions; it simplifies calculations without changing measurable predictions."
8.2,Four-current,8,Gauge Symmetry and Interaction,"The relativistic quantity describing the distribution and motion of electric charge.  It forms a \cref{Four-vector}{4.2} with components  \[ J^\mu = (c\rho,\vec J), \]  where \( \rho \) is charge density and \( \vec J \) is current density.  The four-current acts as the source term in \cref{Maxwell's equations}{7.6}. Its conservation is expressed through the continuity equation discussed under \cref{Charge conservation}{8.5}.","The four-current is the relativistic object that combines electric charge density and ordinary current density into a single \cref{Four-vector}{4.2}. It is usually written \(J^\mu=(c\rho,\vec J)\), where \(\rho\) is charge density and \(\vec J\) is the three-current density.","In non-relativistic language charge density and current density look like separate quantities, but different inertial observers mix space and time when they describe the same physical situation. A distribution that one observer calls mostly charge density may be described by another as charge plus current. The four-current packages these descriptions into one covariant quantity. It is the source term in the covariant form of \cref{Maxwell's equations}{7.6}, just as mass density is the source in Newtonian gravity. Because it is a local density-and-flux object, it fits naturally with the \cref{Principle of locality}{2.3}: electromagnetic fields at an event respond to the charge and current structure represented there.","A line of charges at rest has charge density but no current in its own rest frame. An observer moving along the line sees length contraction and moving charge, so both \(\rho\) and \(\vec J\) change. The four-current is the covariant object that relates these two descriptions."
8.3,Minimal coupling,8,Gauge Symmetry and Interaction,"The prescription for introducing electromagnetic interaction into the \cref{Lagrangian}{5.2} of a charged particle.  The ordinary momentum is replaced by  \[ p_\mu \rightarrow p_\mu - eA_\mu, \]  where \(A_\mu\) is the \cref{Vector potential}{7.1}.   This modification preserves \cref{Gauge invariance}{8.1} and leads directly to the dynamical law governing charged particles in electromagnetic fields.","Minimal coupling is the standard prescription for introducing electromagnetic interaction into the dynamics of a charged particle. In relativistic notation it replaces the free-particle momentum structure by the gauge-covariant combination \(p_\mu-eA_\mu\), where \(A_\mu\) is the \cref{Vector potential}{7.1}.","The phrase “minimal” means that the interaction is introduced in the simplest way compatible with relativity and \cref{Gauge invariance}{8.1}. Instead of adding an arbitrary new force law by hand, one modifies the particle \cref{Lagrangian}{5.2} or momentum in a way that makes the electromagnetic potential part of the dynamical structure. This also clarifies the distinction between mechanical momentum and \cref{Canonical momentum}{5.5}: in the presence of a vector potential, the canonical momentum includes a contribution from the field. Applying the \cref{Action principle}{5.1} to the minimally coupled particle then gives the \cref{Lorentz force law}{8.4}.","For a charged particle, the free-particle action is supplemented by an interaction term involving \(A_\mu dx^\mu\). Varying this action does not merely produce straight-line inertial motion; it produces acceleration determined by the electromagnetic field tensor."
8.4,Lorentz force law,8,Gauge Symmetry and Interaction,"The relativistic equation of motion for a charged particle interacting with the \cref{Electromagnetic field}{7.5}.  In covariant form it can be written  \[ \frac{dp^\mu}{d\tau} = eF^{\mu\nu}u_\nu, \]  where \(p^\mu\) is the \cref{Momentum four-vector}{4.5}, \(u^\mu\) is the \cref{Velocity four-vector}{4.4}, and \(F^{\mu\nu}\) is the \cref{Field tensor}{7.2}.  This equation arises naturally from applying the \cref{Action principle}{5.1} to a charged particle interacting with the electromagnetic field via \cref{Minimal coupling}{8.3}.","The Lorentz force law is the equation of motion for a charged particle in an electromagnetic field. In covariant form it may be written \(dp^\mu/d\tau=eF^{\mu\nu}u_\nu\), relating the change of \cref{Momentum four-vector}{4.5} to the \cref{Field tensor}{7.2} and the particle's \cref{Velocity four-vector}{4.4}.","This law says how the electromagnetic field acts on matter. The covariant expression is compact because it treats electric and magnetic effects as different components of the same spacetime object. When unpacked into ordinary three-vector language, it contains the familiar electric force on a charge and the velocity-dependent magnetic force. Its relativistic form also shows that the force is not an independent add-on to electromagnetism: it follows from \cref{Minimal coupling}{8.3} and the \cref{Action principle}{5.1}. The law therefore links particle dynamics to field theory, connecting the motion of charged particles with the same \cref{Electromagnetic field}{7.5} governed by \cref{Maxwell's equations}{7.6}.","A charge initially at rest in a uniform electric field accelerates along the field direction. A charge already moving through a magnetic field can be deflected sideways, producing circular or helical motion. Both effects are contained in the single covariant equation using \(F^{\mu\nu}\)."
8.5,Charge conservation,8,Gauge Symmetry and Interaction,"Electric charge is locally conserved.  In relativistic form this statement is expressed by the continuity equation  \[ \partial_\mu J^\mu = 0, \]  where \(J^\mu\) is the \cref{Four-current}{8.2}.   This relation ensures the internal consistency of \cref{Maxwell's equations}{7.6} and reflects the symmetry structure of the electromagnetic theory.","Charge conservation is the statement that electric charge cannot be locally created or destroyed. In relativistic notation it is expressed by the continuity equation \(\partial_\mu J^\mu=0\), where \(J^\mu\) is the \cref{Four-current}{8.2}.","The word “locally” is important. Charge conservation does not merely say that the total charge of the universe is constant; it says that charge can leave a region only by flowing through its boundary. The continuity equation expresses this bookkeeping at each spacetime event. It is also required for consistency of the sourced form of \cref{Maxwell's equations}{7.6}: the field equations cannot be compatible with a source whose charge simply appears or disappears. More conceptually, charge conservation is closely tied to the symmetry structure of electromagnetism, especially \cref{Gauge invariance}{8.1} and the conservation-law ideas summarized by \cref{Noether's theorem}{5.6}.","If the charge density inside a small box decreases, the continuity equation says there must be a corresponding outward current through the surface of the box. The lost charge has gone somewhere; it has not vanished at that event."
9.1,Energy density of EM field,9,Energy and Momentum in Fields,"The electromagnetic field itself carries energy.  The energy density stored in the \cref{Electromagnetic field}{7.5} is  \[ u = \frac12 (E^2 + B^2), \]  where \(E\) and \(B\) denote the \cref{Electric field}{7.3} and \cref{Magnetic field}{7.4}.   This energy contributes to the relativistic conservation laws described by the \cref{Energy--momentum tensor}{9.4}.",,,
9.2,Momentum density (Poynting vector),9,Energy and Momentum in Fields,"Electromagnetic fields also carry momentum.   The momentum density is given by the Poynting vector  \[ \vec S = \vec E \times \vec B. \]  This vector represents the flow of energy and momentum carried by the \cref{Electromagnetic field}{7.5}.   Together with the \cref{Energy density of EM field}{9.1}, it forms part of the relativistic description of field energy and momentum.",,,
9.3,Stress–energy of EM field,9,Energy and Momentum in Fields,"The electromagnetic field exerts stresses and transports energy and momentum through spacetime.   These properties are summarized by the electromagnetic stress–energy tensor, constructed from the \cref{Field tensor}{7.2} and the \cref{Metric tensor}{3.3}.  This tensor describes how electromagnetic energy and momentum propagate and interact with matter.",,,
9.4,Energy--momentum tensor,9,Energy and Momentum in Fields,A rank-two tensor \(T^{\mu\nu}\) describing the density and flow of energy and momentum in spacetime.  For the electromagnetic field it is constructed from the \cref{Field tensor}{7.2}.  Conservation of energy and momentum is expressed by  \[ \partial_\mu T^{\mu\nu} = 0. \]  This conservation law follows from spacetime translation symmetry via \cref{Noether's theorem}{5.6}.,,,
10.1,Electromagnetic waves,10,Waves and Radiation,"Self-propagating oscillations of the \cref{Electric field}{7.3} and \cref{Magnetic field}{7.4}.   In regions where the \cref{Four-current}{8.2} vanishes, the field equations for the \cref{Electromagnetic field}{7.5} reduce to wave equations, allowing disturbances in the field to propagate through space.  These waves travel at the speed \(c\), consistent with the \cref{Constancy of the speed of light}{1.2}.   Electromagnetic waves carry energy and momentum, described by the \cref{Energy--momentum tensor}{9.4} and transported through space according to the \cref{Momentum density (Poynting vector)}{9.2}.",,,
10.2,Wave equation,10,Waves and Radiation,"In the \cref{Lorenz gauge}{7.7}, the equations governing the \cref{Vector potential}{7.1} take the form  \[ \square A_\mu = J_\mu, \]  where \(J_\mu\) is the \cref{Four-current}{8.2} and \(\square = \partial_\mu \partial^\mu\) is the d'Alembertian operator.  When the source term vanishes, the potential satisfies a free wave equation. Solutions correspond to \cref{Electromagnetic waves}{10.1} propagating at the speed determined by the spacetime structure encoded in the \cref{Metric tensor}{3.3}.",,,
10.3,Radiation reaction,10,Waves and Radiation,"When charged particles accelerate, they emit \cref{Electromagnetic waves}{10.1}.   Because these waves carry energy and momentum described by the \cref{Energy--momentum tensor}{9.4}, the emitting particle must experience a recoil force.  This phenomenon modifies the motion predicted by the \cref{Lorentz force law}{8.4} and represents the back–reaction of the field on its source.",,,
11.1,Lorentz invariance,11,Symmetry and Invariance Principles,"A fundamental symmetry stating that the laws of physics have the same form in all \cref{Inertial frames}{2.1}.   Mathematically, this means the equations governing physical quantities are covariant under \cref{Lorentz transformations}{3.1}.  Objects such as \cref{Four-vectors}{4.2}, the \cref{Field tensor}{7.2}, and the \cref{Energy--momentum tensor}{9.4} transform in ways that preserve the invariant structure defined by the \cref{Metric tensor}{3.3}.   Lorentz invariance is therefore a guiding principle in constructing relativistic physical theories.",,,
11.2,Gauge fixing,11,Symmetry and Invariance Principles,"Because of \cref{Gauge invariance}{8.1}, many different \cref{Vector potentials}{7.1} correspond to the same physical \cref{Electromagnetic field}{7.5}.   Gauge fixing is the procedure of choosing a particular representative from this equivalence class.  An example is the \cref{Lorenz gauge}{7.7}, which simplifies the equations governing the potential by turning \cref{Maxwell's equations}{7.6} into wave equations.   Although different gauge choices alter the mathematical form of the potential, observable quantities derived from the \cref{Field tensor}{7.2} remain unchanged.",,,
