id,label,layer,layer_title,definition_new,derivation_new,explanation_new
1.3,Principle of relativity,1,Foundational Postulates,,,"A good way to read this principle is: a smoothly moving laboratory is not second-class physics. If you are inside a sealed train moving at constant speed, the local experiments you can do with balls, springs, clocks, or light pulses obey the same laws as they would in the station. This does not mean different observers assign the same numbers to everything. They may disagree about times, distances, and velocities. The principle says the laws themselves cannot depend on which inertial frame you happened to choose. In special relativity this becomes a strong constraint: once light speed is also invariant, the old Galilean way of changing frames has to be replaced by Lorentz transformations."
1.2,Constancy of the speed of light,1,Foundational Postulates,,,"This postulate is subtle because it sounds like an ordinary statement about light, but it really reshapes the meaning of space and time. If two observers move relative to one another, common sense might suggest they should measure different speeds for the same light pulse, just as they would for a thrown ball. Special relativity says no: in vacuum they both get the same value, \(c\). The only way this can work is if their measurements of distance, time, and simultaneity adjust together. A useful picture is a flash of light spreading outward: observers may slice spacetime differently, but the lightlike boundary remains the same for all of them."
1.1,Inertial frames,1,Foundational Postulates,,,"An inertial frame is the clean reference case: no acceleration, no turning, no jolting. In such a frame a free particle just keeps moving in a straight line at constant velocity. That sounds simple, but it is important because relativity is not saying every possible observer is equivalent in the same easy way. Accelerating observers can feel their acceleration; inertial observers cannot detect uniform motion by doing internal experiments. A train gliding smoothly is approximately inertial; a train braking or rounding a curve is not. Most of special relativity is first built by comparing these clean inertial descriptions."
2.2,Spacetime event,2,Observers and Events,,,"An event is deliberately small: one where-and-when, not an extended process. A bulb flashing at a definite place and time is an event; the whole journey of the bulb is not. This distinction helps because different observers can disagree about the coordinates of the flash while still referring to the same physical occurrence. Think of coordinates as labels pinned onto the event by a chosen frame. The event itself is the thing being labelled. Once events are clear, spacetime intervals, worldlines, and four-vectors become much less mysterious: they are ways of organizing relationships between events."
2.3,Principle of locality,2,Observers and Events,,,"Locality is the idea that physics happens point by point. A field equation does not let a charge here instantly grab a charge across the room; influence has to be carried through nearby field values and can propagate only at finite speed. This is one reason fields become so natural in relativity. Instead of action at a distance, each spacetime event uses the information available at or infinitesimally near that event. If an electric charge is shaken, a distant charge responds only after the electromagnetic disturbance has had time to get there. Locality is the bookkeeping discipline that makes that statement precise."
3.3,Lorentz transformations,3,Minkowski Geometry,"Lorentz transformations are the linear coordinate transformations relating two \cref{Inertial frames}{1.1} in special relativity. They preserve the \cref{Spacetime interval}{3.2}, or equivalently the \cref{Metric tensor}{3.1}, so that all inertial observers agree on the invariant spacetime separation between the same pair of events.","The transformations are derived by combining the \cref{Principle of relativity}{1.3} with the \cref{Constancy of the speed of light}{1.2}. Homogeneity of space and time implies that transformations between inertial coordinates are linear. The invariant light speed requires lightlike separations to remain lightlike in every inertial frame, and the stronger geometric statement is that the \cref{Spacetime interval}{3.2} is preserved: \[ ds^2=c^2dt^2-dx^2-dy^2-dz^2=c^2dt'^2-dx'^2-dy'^2-dz'^2. \] In four-vector notation, with \(x^\mu=(ct,x,y,z)\), a Lorentz transformation is written \[ x'^\mu=\Lambda^\mu{}_{\nu}x^\nu, \] and preservation of the \cref{Metric tensor}{3.1} gives the defining condition \[ \eta_{\alpha\beta}\Lambda^\alpha{}_{\mu}\Lambda^\beta{}_{\nu}=\eta_{\mu\nu}, \qquad \eta_{\mu\nu}=\mathrm{diag}(1,-1,-1,-1). \] For a boost with relative speed \(v\) along the \(x\)-axis, this gives \[ ct'=\gamma(ct-\beta x), \qquad x'=\gamma(x-\beta ct), \qquad y'=y, \qquad z'=z, \] where \(\beta=v/c\) and \(\gamma=1/\sqrt{1-\beta^2}\).","Lorentz transformations are the rulebook for translating between inertial observers. They can feel strange at first because they mix time with space: what one observer calls purely a time separation may partly become a space separation for another. The important reassurance is that the transformation is not changing the physical event. It changes the coordinate description while preserving the spacetime interval. In a Minkowski diagram this looks like tilted axes rather than a broken reality. The transformation is what lets both observers describe the same physics while disagreeing about quantities such as simultaneity, length, and elapsed coordinate time."
3.2,Spacetime interval,3,Minkowski Geometry,"The spacetime interval is the invariant quadratic measure of separation between two \cref{Spacetime events}{2.2}. With the \(+---\) convention it is \[ \Delta s^2=c^2\Delta t^2-\Delta x^2-\Delta y^2-\Delta z^2=\eta_{\mu\nu}\Delta x^\mu\Delta x^\nu, \] where \(\eta_{\mu\nu}\) is the \cref{Metric tensor}{3.1}.","The interval is obtained by contracting the coordinate separation \(\Delta x^\mu\) between two events with the \cref{Metric tensor}{3.1}: \[ \Delta s^2=\eta_{\mu\nu}\Delta x^\mu\Delta x^\nu. \] For \(\Delta x^\mu=(c\Delta t,\Delta x,\Delta y,\Delta z)\) and \(\eta_{\mu\nu}=\mathrm{diag}(1,-1,-1,-1)\), this gives \[ \Delta s^2=c^2\Delta t^2-\Delta x^2-\Delta y^2-\Delta z^2. \] The \cref{Lorentz transformations}{3.3} are precisely the transformations that leave this number unchanged.","The interval is the quantity that replaces ordinary distance as the thing everyone can agree on. In Euclidean geometry, rotations change coordinate components but not length. In Minkowski spacetime, Lorentz transformations change time and space components but not \(c^2\Delta t^2-\Delta\mathbf x^2\). The minus signs are not decoration; they are what allow timelike, lightlike, and spacelike separations to behave differently. For a light signal, \(\Delta x=c\Delta t\), so the interval is zero. Another observer may assign different \(\Delta x\) and \(\Delta t\), but still finds zero. That shared classification is the point."
3.1,Metric tensor,3,Minkowski Geometry,"The metric tensor \(\eta_{\mu\nu}\) is the tensor that defines inner products and invariant intervals in flat spacetime. In the convention used here, \[ \eta_{\mu\nu}=\mathrm{diag}(1,-1,-1,-1). \] It supplies the signs used to contract four-vector components and compute the \cref{Spacetime interval}{3.2}.","The metric is introduced as the bilinear object that reproduces the invariant interval. Starting from \(x^\mu=(ct,x,y,z)\), require \[ s^2=c^2t^2-x^2-y^2-z^2=\eta_{\mu\nu}x^\mu x^\nu. \] Reading off the coefficients gives \(\eta_{00}=1\), \(\eta_{11}=\eta_{22}=\eta_{33}=-1\), and off-diagonal components zero. The defining condition for \cref{Lorentz transformations}{3.3}, \[ \Lambda^T\eta\Lambda=\eta, \] says that this metric structure is preserved between inertial frames.","The metric is the measuring rule for spacetime. It is easy to think of it as just a matrix full of signs, but those signs are doing real conceptual work. They say that time contributes oppositely to space when forming invariant squares. Once you accept that rule, many formulas stop being arbitrary: lowering an index flips spatial signs, scalar products become frame-independent, and \(\Box=\partial_\mu\partial^\mu\) gets its time-minus-space form. A good habit is to ask, 'What is being contracted with the metric here?' That often reveals the invariant meaning behind the notation."
3.4,Light cone,3,Minkowski Geometry,"The light cone of an event is the set of spacetime directions for which the \cref{Spacetime interval}{3.2} is zero. It separates timelike directions, which can be followed by massive particles, from spacelike directions, which cannot be connected by causal signals moving at or below \(c\).","The light cone is derived by setting the interval from a chosen event to zero: \[ \Delta s^2=c^2\Delta t^2-\Delta x^2-\Delta y^2-\Delta z^2=0. \] Equivalently, \[ |\Delta \mathbf x|=c|\Delta t|. \] This condition is built from the \cref{Spacetime interval}{3.2}, so it is preserved by \cref{Lorentz transformations}{3.3}. The future half has \(\Delta t>0\); the past half has \(\Delta t<0\).","The light cone is the causal map drawn from one event. Inside the future cone are events that could be influenced by a slower-than-light signal from the starting event. On the cone are events reached by light. Outside are spacelike-separated events, where any influence would need to outrun light. The useful part is that all inertial observers agree on this classification even if they draw different time and space axes. In a one-space-one-time diagram the cone boundary is shown by \(x=\pm ct\); in real space it is an expanding sphere of light."
3.5,Minkowski diagram,3,Minkowski Geometry,"A Minkowski diagram is a spacetime diagram that represents events, worldlines, light cones, and Lorentz-transformed axes in a reduced number of dimensions, usually one space axis and one time axis.","A Minkowski diagram is constructed from \cref{Spacetime events}{2.2} by plotting one spatial coordinate against \(ct\). The null directions are obtained from the \cref{Light cone}{3.4}: \(x=\pm ct\). Axes for a moving inertial frame are then drawn using the \cref{Lorentz transformations}{3.3}; the \(ct'\)-axis is the worldline \(x=vt\), and the \(x'\)-axis is the line of simultaneity \(t'=0\).","A Minkowski diagram is not ordinary graph paper with a time label attached. It is a visual aid for spacetime geometry, where vertical and horizontal distances on the page are not the invariant quantity. Its value is that it makes frame dependence visible: light rays form fixed 45-degree reference lines, massive particles have steeper timelike worldlines, and a moving observer's axes tilt. For example, the \(ct'\)-axis is the path of the moving origin, while the \(x'\)-axis shows that observer's line of simultaneity. This makes relativity of simultaneity much easier to see than to memorize."
4.1,Proper time,4,Relativistic Kinematics,Proper time \(\tau\) is the invariant time measured by a clock moving along a timelike worldline. It is obtained from the \cref{Spacetime interval}{3.2} along that worldline and is the natural parameter for relativistic particle motion.,"For a timelike displacement, the interval satisfies \(ds^2>0\). Proper time is defined by \[ ds^2=c^2d\tau^2. \] Using \(ds^2=c^2dt^2-d\mathbf x^2\), this gives \[ d\tau=dt\sqrt{1-\frac{v^2}{c^2}}=\frac{dt}{\gamma}. \] Because it is built from the invariant \cref{Spacetime interval}{3.2}, proper time has the same value for all observers following the same worldline segment.","Proper time is the time carried by the clock travelling along the path. Coordinate time belongs to a chosen frame; proper time belongs to the worldline itself. That is why two reunited clocks can show different elapsed times: they followed different paths through spacetime. The formula \(d\tau=dt/\gamma\) for constant speed is not saying the moving clock is faulty. It is saying the spacetime length of that path is different. Lightlike paths are the limiting case: the interval is zero, so no proper time elapses along a light ray."
4.2,Four-vectors,4,Relativistic Kinematics,A four-vector is an object with four components that transform under \cref{Lorentz transformations}{3.3} in the same way as spacetime displacement components. Four-vectors provide the standard language for writing relativistic quantities independently of a particular inertial frame.,"The concept is abstracted from the transformation law of the coordinate displacement \(\Delta x^\mu\). If \(\Delta x'^\mu=\Lambda^\mu{}_{\nu}\Delta x^\nu\), then any object \(A^\mu\) satisfying \[ A'^\mu=\Lambda^\mu{}_{\nu}A^\nu \] is called a four-vector. The \cref{Metric tensor}{3.1} then defines invariant scalar products, \[ A_\mu B^\mu=\eta_{\mu\nu}A^\mu B^\nu. \]","A four-vector is one object seen through different coordinate frames. The components may change, but they change together according to a strict rule, and contractions such as \(A_\mu B^\mu\) remain invariant. This is the same idea as ordinary vectors under rotations, except Lorentz transformations mix time and space with the Minkowski metric. Try not to picture four independent numbers sitting in a list. Picture a single spacetime arrow or physical quantity whose components depend on the observer. Position, velocity, momentum, current, and potential all use this pattern."
4.3,Position four-vector,4,Relativistic Kinematics,"The position four-vector packages the coordinates of a \cref{Spacetime event}{2.2} into \[ x^\mu=(ct,x,y,z). \] It is the prototype \cref{Four-vectors}{4.2} object in special relativity.","Starting with an event described in an inertial frame by time \(t\) and position \((x,y,z)\), multiply the time coordinate by \(c\) so all components have dimensions of length. This gives \[ x^\mu=(ct,x,y,z). \] Under \cref{Lorentz transformations}{3.3}, these components transform linearly as a four-vector. Differences \(\Delta x^\mu\) between two such position four-vectors are then contracted with the \cref{Metric tensor}{3.1} to obtain the \cref{Spacetime interval}{3.2}.","The position four-vector packages the coordinates of an event as \(x^\mu=(ct,x,y,z)\). The factor \(c\) is there so the time component has units of length, matching the spatial components. The vector from the origin to one event depends on where you choose the origin, but differences between position four-vectors describe separations between events, and those separations have invariant intervals. In a diagram, the arrow to an event is a useful picture, but the deeper lesson is that time and space coordinates are components of one Lorentz-transforming object."
4.4,Velocity four-vector,4,Relativistic Kinematics,The velocity four-vector is the derivative of the \cref{Position four-vector}{4.3} with respect to \cref{Proper time}{4.1}: \[ U^\mu=\frac{dx^\mu}{d\tau}. \] It has invariant magnitude \(U^\mu U_\mu=c^2\).,"Differentiate the position four-vector \(x^\mu=(ct,\mathbf x)\) with respect to the invariant parameter \(\tau\). Since \(dt/d\tau=\gamma\), \[ U^\mu=\frac{dx^\mu}{d\tau}=\gamma(c,\mathbf v). \] Using the \(+---\) metric, \[ U^\mu U_\mu=\gamma^2(c^2-v^2)=c^2. \] Thus the construction depends directly on both the \cref{Position four-vector}{4.3} and \cref{Proper time}{4.1}.","Ordinary velocity \(\mathbf v=d\mathbf x/dt\) is frame-dependent and its components do not form a four-vector by themselves. The trick is to differentiate position with respect to proper time, the time measured along the particle's own path. That gives \(U^\mu=\gamma(c,\mathbf v)\). The extra \(\gamma\) is not a random correction; it converts coordinate-time change into proper-time change. A particle at rest still has \(U^\mu=(c,0,0,0)\), because it is moving through time. The invariant norm \(U_\mu U^\mu=c^2\) is a useful sign check."
4.5,Momentum four-vector,4,Relativistic Kinematics,"The momentum four-vector combines relativistic energy and three-momentum into \[ p^\mu=mU^\mu=(E/c,\mathbf p). \] Its invariant square is \(p^\mu p_\mu=m^2c^2\), equivalent to the energy-momentum relation.","For a massive particle, multiply the \cref{Velocity four-vector}{4.4} by the invariant mass \(m\): \[ p^\mu=mU^\mu=m\gamma(c,\mathbf v). \] Identifying \(E=\gamma mc^2\) and \(\mathbf p=\gamma m\mathbf v\) gives \[ p^\mu=(E/c,\mathbf p). \] Contracting with the \cref{Metric tensor}{3.1}, \[ p^\mu p_\mu=\frac{E^2}{c^2}-\mathbf p^2=m^2c^2, \] or \[ E^2=\mathbf p^2c^2+m^2c^4. \]","Four-momentum is where energy and momentum stop being separate bookkeeping columns and become one relativistic object. One observer may say a particle has more energy and more spatial momentum than another observer does, but both are describing the same four-vector. In the rest frame the spatial momentum is zero, yet the time component remains \(mc\), corresponding to rest energy. In a moving frame, \(p^\mu=(\gamma mc,\gamma m\mathbf v)\). The invariant square stays \(m^2c^2\), which is why the energy-momentum relation is more fundamental than any one observer's measured energy."
4.6,Mass-energy equivalence,4,Relativistic Kinematics,"Mass-energy equivalence is the statement that the rest energy of a massive body is \[ E_0=mc^2. \] More generally, it is the zero-momentum limit of the relativistic energy-momentum relation \[ E^2=\mathbf p^2c^2+m^2c^4. \]","Start with the \cref{Momentum four-vector}{4.5}, written \(p^\mu=(E/c,\mathbf p)\). Its invariant square is computed with the \cref{Metric tensor}{3.1}: \[ p_\mu p^\mu=\frac{E^2}{c^2}-\mathbf p^2. \] For a particle of invariant mass \(m\), the same norm is \(m^2c^2\), so \[ \frac{E^2}{c^2}-\mathbf p^2=m^2c^2. \] Multiplying by \(c^2\) gives \[ E^2=\mathbf p^2c^2+m^2c^4. \] In the rest frame, \(\mathbf p=0\), and therefore \[ E_0=mc^2. \]","The famous equation is easy to remember and surprisingly easy to misunderstand. It is best read as a statement about rest energy: even when a body's ordinary momentum is zero, its four-momentum has a nonzero time component. The full relation is \(E^2=\mathbf p^2c^2+m^2c^4\). Setting \(\mathbf p=0\) gives \(E_0=mc^2\). So mass is not being magically converted into an unrelated substance called energy; mass is the invariant measure of a system's total energy-momentum. If a bound system loses internal energy, its invariant mass decreases by \(\Delta E/c^2\)."
5.2,Action principle,5,Variational Mechanics,"The action principle states that the physical history of a system makes the action stationary under small allowed variations. For particle mechanics, the action is usually \[ S=\int L(q,\dot q,t)\,dt, \] where \(L\) is the \cref{Lagrangian}{5.1}.","The action principle is a principle rather than a result derived from another concept in this graph. Its mathematical content is the stationarity condition \[ \delta S=0. \] Once an action is chosen, this condition produces equations of motion. In relativistic mechanics the action is chosen to be a scalar, often built from invariant quantities such as \cref{Proper time}{4.1} or contractions of \cref{Four-vectors}{4.2}, so that the resulting dynamics respect \cref{Lorentz transformations}{3.3}.","The action principle can feel abstract because it talks about whole histories rather than instant-by-instant forces. The idea is to compare nearby possible paths between the same endpoints and ask which path makes the action stationary. 'Stationary' does not always mean shortest; it means the first-order change vanishes under small variations. This is like standing at the top of a hill or bottom of a valley: tiny moves do not change height to first order. From this global-sounding rule, local equations of motion emerge. That is why it becomes such a powerful bridge to fields."
5.1,Lagrangian,5,Variational Mechanics,"A Lagrangian \(L\) is a function of generalized coordinates, velocities, and possibly time that is integrated to form the action. For particle mechanics, \[ S=\int L(q,\dot q,t)\,dt. \]","The Lagrangian is not derived from a universal formula; it is chosen to encode the physical assumptions of the system. Once inserted into the \cref{Action principle}{5.2}, it determines the equations of motion through the \cref{Euler-Lagrange equations}{5.3}. In relativistic systems the allowed building blocks are constrained by Lorentz covariance: one builds \(L\), or the action directly, from invariant quantities such as the \cref{Spacetime interval}{3.2}, \cref{Proper time}{4.1}, or scalar contractions of \cref{Four-vectors}{4.2}.","The Lagrangian is the local ingredient whose accumulated value gives the action. In simple mechanics it is often \(T-V\), but the deeper idea is not that particular formula. The Lagrangian is a compact rule that tells the variational principle what kind of motion is allowed. If you know \(L\), you can form \(S=\int L\,dt\), vary the path, and derive equations of motion. For relativistic systems, the Lagrangian must be built from quantities that make sense across inertial frames. That is why invariant intervals, four-vectors, and later field densities enter the story."
5.3,Euler–Lagrange equations,5,Variational Mechanics,"The Euler-Lagrange equations are the equations of motion obtained by applying the \cref{Action principle}{5.2} to a chosen \cref{Lagrangian}{5.1}. For one coordinate, \[ \frac{d}{dt}\left(\frac{\partial L}{\partial\dot q}\right)-\frac{\partial L}{\partial q}=0. \]","Start with the \cref{Action principle}{5.2} in the form \(S=\int_{t_1}^{t_2}L(q,\dot q,t)\,dt\) and vary the path \(q(t)\rightarrow q(t)+\delta q(t)\), holding the endpoints fixed. The first variation is \[ \delta S=\int_{t_1}^{t_2}\left(\frac{\partial L}{\partial q}\delta q+\frac{\partial L}{\partial\dot q}\delta\dot q\right)dt. \] Integrating the second term by parts and using \(\delta q(t_1)=\delta q(t_2)=0\) gives \[ \delta S=\int_{t_1}^{t_2}\left(\frac{\partial L}{\partial q}-\frac{d}{dt}\frac{\partial L}{\partial\dot q}\right)\delta q\,dt. \] Since this must vanish for arbitrary \(\delta q\), the Euler-Lagrange equation follows.","Euler-Lagrange equations are what the action principle looks like after the variation has been done. The intimidating derivative expression is really a balance statement: changes in how \(L\) depends on position are balanced against changes in how \(L\) depends on velocity. For a familiar example, using \(L=\tfrac12m\dot x^2-V(x)\) gives \(m\ddot x=-dV/dx\), Newton's law in disguise. The power of the formula is that the same pattern works for generalized coordinates and, with suitable modification, for fields."
5.5,Hamiltonian formalism,5,Variational Mechanics,"Hamiltonian formalism rewrites dynamics in terms of coordinates and canonical momenta rather than coordinates and velocities. It is obtained by defining \cref{Canonical momentum}{5.4} and forming the Hamiltonian \[ H(q,p,t)=p\dot q-L. \]","Starting from a \cref{Lagrangian}{5.1}, define the \cref{Canonical momentum}{5.4} \[ p=\frac{\partial L}{\partial\dot q}. \] If this relation can be solved for \(\dot q\) in terms of \(q\) and \(p\), perform the Legendre transform \[ H(q,p,t)=p\dot q-L(q,\dot q,t). \] Differentiating \(H\) gives Hamilton's equations, \[ \dot q=\frac{\partial H}{\partial p}, \qquad \dot p=-\frac{\partial H}{\partial q}. \] Thus the formalism is derived from the Lagrangian formulation plus the canonical momentum construction.","Hamiltonian formalism reorganizes the same dynamics into phase space, where coordinates and momenta are treated as paired variables. The Hamiltonian often corresponds to energy, but conceptually it is the generator of time evolution in this phase-space description. The move from Lagrangian to Hamiltonian is a Legendre transform: replace velocity dependence with momentum dependence. This is useful because many conservation laws and symmetry structures become especially clear. For a free particle the Hamiltonian tracks energy; for constrained or gauge systems it can be subtler, so it should not be treated as merely a synonym for energy."
5.4,Canonical momentum,5,Variational Mechanics,"Canonical momentum is the momentum conjugate to a coordinate in the Lagrangian formulation. For a coordinate \(q\), \[ p=\frac{\partial L}{\partial\dot q}. \]","Canonical momentum is derived from the velocity dependence of the \cref{Lagrangian}{5.1}. When the action is varied, the coefficient of \(\delta\dot q\) is \(\partial L/\partial\dot q\). This quantity is therefore the natural variable paired with \(q\), and it is the object used in the Legendre transform leading to \cref{Hamiltonian formalism}{5.5}.","Canonical momentum is the momentum that belongs to the Lagrangian coordinate system. In simple cases it equals mechanical momentum, so it is tempting to identify the two. Electromagnetism shows why that is too quick. When a charged particle couples to a vector potential, the canonical momentum includes potential-dependent terms, while the mechanical momentum describes the particle's actual motion. The definition \(p=\partial L/\partial\dot q\) is therefore not just a fancy way to write \(mv\); it tells you which momentum is paired with \(q\) in Hamiltonian mechanics."
5.6,Noether's theorem,5,Variational Mechanics,"Noether's theorem states that every continuous symmetry of the action corresponds to a conserved quantity. It links symmetries in the \cref{Action principle}{5.2} to conservation laws such as energy, momentum, angular momentum, and charge.","The theorem follows from the stationarity of the action in the \cref{Action principle}{5.2}. Suppose a continuous transformation changes the dynamical variables by an infinitesimal amount and leaves the action unchanged, up to possible boundary terms. Applying \(\delta S=0\) and using the equations of motion leaves a total derivative, which identifies a conserved current or conserved quantity. For time translations the conserved quantity is energy; for spatial translations it is momentum. In field theory, spacetime translations lead to the \cref{Energy--momentum tensor}{9.1}.","Noether's theorem is one of the best organizing ideas in physics: a continuous symmetry gives a conservation law. If the action does not change when you shift every position by the same small amount, momentum is conserved. If it does not change when you shift the time origin, energy is conserved. The theorem is not saying conservation is a coincidence; it explains where conservation laws come from. For example, in a translation-invariant system, nudging the whole experiment sideways should not change the physics, and that symmetry is what lies behind conservation of momentum."
6.1,Scalar field,6,Field Foundations,A scalar field assigns a single value \(\phi(x)\) to every \cref{Spacetime event}{2.2}. Its defining relativistic property is that the value at an event is invariant under \cref{Lorentz transformations}{3.3}: observers relabel the event but do not transform \(\phi\) into components.,"A scalar field is a definition rather than a quantity derived from another field. Starting with spacetime points \(x\), assign one number \(\phi(x)\) to each point. Under a Lorentz transformation \(x\rightarrow x'\), the scalar transformation law is \[ \phi'(x')=\phi(x). \] This contrasts with \cref{Four-vectors}{4.2}, whose components mix between frames.","A scalar field assigns one value to every spacetime point. Temperature in a room is a useful nonrelativistic analogy: at each location and time there is a number, not an arrow. In relativity the special feature is that the value of a scalar field at an event is observer-independent. Different observers may use different coordinates to label the event, but they agree on the scalar value there. This makes scalar fields the simplest examples for learning field theory: they have spacetime dependence and dynamics without the extra complication of vector or tensor components."
6.2,Vector field,6,Field Foundations,"A vector field assigns a four-vector-like object to every spacetime event. Its components, written for example as \(A^\mu(x)\) or \(A_\mu(x)\), transform as a \cref{Four-vectors}{4.2} under \cref{Lorentz transformations}{3.3}.","A vector field is constructed by taking the four-vector transformation law and applying it locally at every event. If \(A^\mu(x)\) is a vector field, then under a Lorentz transformation \[ A'^\mu(x')=\Lambda^\mu{}_{\nu}A^\nu(x). \] Thus a vector field is not four unrelated scalar fields; its components mix according to the same rule used for four-vectors.","A vector field attaches a vector-like object to every spacetime point. The electromagnetic vector potential is the main example here. The key is locality plus transformation: each event has its own components, and those components transform as a four-vector when observers change frames. It is different from drawing one big arrow in space. Better picture a spacetime grid with a small arrow anchored at each event, allowed to vary from event to event. This is the kind of object a local field equation can act on."
6.3,Field Lagrangian,6,Field Foundations,"A field Lagrangian is a local Lagrangian density \(\mathcal L\) built from fields and their spacetime derivatives. The field action is \[ S=\int \mathcal L\,d^4x, \] extending the \cref{Action principle}{5.2} from particle paths to fields over spacetime.","The construction extends the \cref{Action principle}{5.2} from the particle action \(S=\int L\,dt\) to systems with degrees of freedom at every spacetime point. Locality motivates a density depending on field values and derivatives at the same event, for example \(\mathcal L(\phi_a,\partial_\mu\phi_a,x)\). Integrating that density over spacetime gives \[ S[\phi]=\int \mathcal L(\phi_a,\partial_\mu\phi_a,x)\,d^4x. \] Applying the variational method then produces \cref{Field equations}{6.4}.","A field Lagrangian is the field-theory version of the Lagrangian idea. Instead of assigning one \(L\) to a particle path at each time, we assign a density \(\mathcal L\) to every spacetime point and integrate over spacetime. This is why notation matters: \(L\) and \(\mathcal L\) are related but not the same kind of object. The density must be local, built from fields and their derivatives at the same event. Once you have \(\mathcal L\), varying the fields gives field equations, just as varying particle paths gives particle equations."
6.4,Field equations,6,Field Foundations,"Field equations are differential equations that determine how a field varies across spacetime. In relativistic field theory they are usually obtained by applying a variational principle to a \cref{Field Lagrangian}{6.3}, producing equations whose form is compatible with \cref{Lorentz transformations}{3.3}.","For fields \(\phi_a(x)\), the action is written as an integral of a Lagrangian density, \[ S[\phi]=\int \mathcal L(\phi_a,\partial_\mu\phi_a,x)\,d^4x, \] where \(x^\mu=(ct,x,y,z)\) and the metric convention is \[ \eta_{\mu\nu}=\mathrm{diag}(1,-1,-1,-1). \] Applying the \cref{Euler-Lagrange equations}{5.3} to the action built from a \cref{Field Lagrangian}{6.3} gives the field Euler-Lagrange equations: \[ \frac{\partial \mathcal L}{\partial \phi_a} - \partial_\mu\left(\frac{\partial \mathcal L}{\partial(\partial_\mu \phi_a)}\right)=0. \] Thus the ordinary generalized coordinates \(q(t)\) of particle mechanics are replaced by fields \(\phi_a(x)\), and ordinary time derivatives are replaced by spacetime derivatives \(\partial_\mu\). With the \(+---\) convention, \[ \Box=\partial_\mu\partial^\mu=\frac{1}{c^2}\frac{\partial^2}{\partial t^2}-\nabla^2, \] so wave-like relativistic field equations naturally contain this invariant operator.","Field equations tell fields how to fit together from point to point. They are local differential equations: the field and its nearby changes at an event determine what is allowed there. This is the field analogue of Newton's equation of motion, but now the unknown is a function over spacetime rather than a particle coordinate. Maxwell's equations are the central example in this graph. They say how electromagnetic fields relate to sources and how disturbances propagate, all using local relations rather than instantaneous action across distance."
7.1,Vector potential \(A_\mu\),7,Electromagnetic Field,"The vector potential \(A_\mu\) is the electromagnetic \cref{Vector field}{6.2} defined over spacetime from which the physical electromagnetic field is constructed. With the conventions used here, one may write \(A^\mu=(\phi/c,\mathbf A)\) and \(A_\mu=(\phi/c,-\mathbf A)\).","The vector potential is not derived from the field tensor; it is introduced as the potential variable whose spacetime derivatives generate the electromagnetic field. At each \cref{Spacetime event}{2.2}, it assigns four components transforming as a \cref{Vector field}{6.2}. The observable field is then obtained from the antisymmetric derivative \[ F_{\mu\nu}=\partial_\mu A_\nu-\partial_\nu A_\mu, \] which defines the \cref{Field tensor}{7.2}. In a Lagrangian treatment, \(A_\mu\) is the field variable varied in the electromagnetic \cref{Field Lagrangian}{6.3}.",The vector potential can be confusing because it is not directly the electric or magnetic field you first learn about. It is a more basic-looking object whose derivatives produce the field tensor. One reason it matters is that it fits naturally into relativistic and Lagrangian descriptions. Another is gauge freedom: different potentials can describe the same physical electromagnetic field. So do not think of \(A_\mu\) as just a computational trick or as directly observable in the same way as \(\mathbf E\) and \(\mathbf B\). Think of it as the local potential structure from which the field is built.
7.2,Field tensor \(F_{\mu\nu}\),7,Electromagnetic Field,The field tensor \(F_{\mu\nu}\) is the antisymmetric tensor that represents the electromagnetic field in covariant form. It is constructed from the \cref{Vector potential}{7.1} by \[ F_{\mu\nu}=\partial_\mu A_\nu-\partial_\nu A_\mu. \],"Starting from the \cref{Vector potential}{7.1}, take the antisymmetric spacetime derivative \[ F_{\mu\nu}=\partial_\mu A_\nu-\partial_\nu A_\mu. \] The antisymmetry gives \(F_{\mu\nu}=-F_{\nu\mu}\), so in four dimensions there are six independent components. These components are identified, up to the conventional factors of \(c\) fixed by the choice of units, with the three components of the \cref{Electric field}{7.3} and the three components of the \cref{Magnetic field}{7.4}. Indices are raised and lowered with the \cref{Metric tensor}{3.1}.","The field tensor is the compact relativistic package for electromagnetism. Electric and magnetic fields can look like separate entities in three-vector notation, but in relativity they are frame-dependent components of one tensor. A change of inertial frame can mix what one observer calls electric with what another calls magnetic. The antisymmetry of \(F_{\mu\nu}\) is also doing work: it encodes the structure that leads to homogeneous Maxwell equations and gauge invariance. The tensor is the object behind the observer-dependent \(\mathbf E\)/\(\mathbf B\) split."
7.3,Electric field,7,Electromagnetic Field,The electric field is the frame-dependent part of the electromagnetic field that acts on a charge even when the charge is instantaneously at rest in a chosen \cref{Inertial frames}{1.1}. In relativistic notation it is read from the time-space components of the \cref{Field tensor}{7.2}.,"Choose an inertial frame and decompose the \cref{Field tensor}{7.2} into time-space and space-space components. The electric field comes from the time-space components, conventionally \(F_{0i}\) or \(F^{0i}\) up to factors and signs determined by the definitions of \(A^\mu\), \(A_\mu\), and \(c\). In three-vector potential language this gives \[ \mathbf E=-\nabla\phi-\frac{\partial\mathbf A}{\partial t}. \]","The electric field is the part of the electromagnetic field that shows up as force on a charge at rest in a chosen inertial frame. That phrase 'in a chosen frame' is important. Another observer moving relative to the charge may split the same electromagnetic field differently into electric and magnetic parts. In everyday examples, a positive source charge has outward electric field lines and a positive test charge feels a force along them. Relativistically, those familiar arrows are one frame's view of components inside the field tensor."
7.4,Magnetic field,7,Electromagnetic Field,The magnetic field is the frame-dependent part of the electromagnetic field associated with forces on moving charges and currents. In covariant notation it is read from the spatial components of the \cref{Field tensor}{7.2}.,"After choosing an inertial frame, decompose the \cref{Field tensor}{7.2}. The purely spatial antisymmetric components \(F_{ij}\) encode the magnetic field, again with signs fixed by the convention for \(F_{\mu\nu}\). In terms of the vector potential, the corresponding three-vector relation is \[ \mathbf B=\nabla\times\mathbf A. \]","The magnetic field is easiest to remember as the part of the electromagnetic field tied to moving charges and currents, and to sideways forces on moving test charges. But relativity adds a deeper lesson: magnetic and electric fields are not independent substances. They are different frame-dependent aspects of the same field tensor. A current-carrying wire may be described with magnetic effects in one frame and with a different balance of electric and magnetic effects in another. The circular field around a current is the familiar picture; the tensor is the covariant one."
7.5,Electromagnetic field,7,Electromagnetic Field,"The electromagnetic field is the unified relativistic field whose frame-dependent components are the \cref{Electric field}{7.3} and \cref{Magnetic field}{7.4}. Covariantly, it is represented by the \cref{Field tensor}{7.2}.","The unified electromagnetic field is obtained conceptually by collecting the electric and magnetic components into the antisymmetric tensor \(F_{\mu\nu}\). In a chosen frame, \cref{Electric field}{7.3} components occupy the time-space part of the \cref{Field tensor}{7.2}, while \cref{Magnetic field}{7.4} components occupy the spatial antisymmetric part. Under \cref{Lorentz transformations}{3.3}, those components mix, so the covariant object is the tensor, not the separate three-vectors.","The electromagnetic field is the unified physical field whose frame-dependent faces are \(\mathbf E\) and \(\mathbf B\). This is more than a vocabulary upgrade. It explains why electric and magnetic effects transform into each other between observers, why the field can carry energy and momentum, and why a local field description replaces instantaneous action at a distance. A useful mental model is that \(F_{\mu\nu}\) is the underlying object, while \(\mathbf E\) and \(\mathbf B\) are what a particular observer reads off from it."
7.7,Maxwell's equations,7,Electromagnetic Field,"Maxwell's equations are the relativistic field equations governing the \cref{Electromagnetic field}{7.5}. In covariant form they relate the antisymmetric \cref{Field tensor}{7.2} to the source \cref{Four-current}{7.6}, while the homogeneous equations express the fact that the field tensor is built from a potential.","Maxwell's equations follow by applying the \cref{Euler-Lagrange equations}{5.3} to the electromagnetic \cref{Field Lagrangian}{6.3}. With \(F_{\mu\nu}=\partial_\mu A_\nu-\partial_\nu A_\mu\), a standard electromagnetic Lagrangian density is \[ \mathcal L=-\frac{1}{4\mu_0}F_{\mu\nu}F^{\mu\nu}-j_\mu A^\mu, \] using the \(+---\) metric convention. Varying the action with respect to the potential \(A_\mu\) gives the sourced Maxwell equation \[ \partial_\mu F^{\mu\nu}=\mu_0 j^\nu. \] The second half of Maxwell's equations follows from the definition of \(F_{\mu\nu}\) itself: \[ \partial_\lambda F_{\mu\nu}+\partial_\mu F_{\nu\lambda}+\partial_\nu F_{\lambda\mu}=0. \] Together these equations are local \cref{Field equations}{6.4}: at each spacetime event they relate field derivatives to the charge and current source at that event.","Maxwell's equations are not just four formulas to memorize; they are the local rules governing the electromagnetic field. They connect sources to fields and also allow fields to propagate as waves. In covariant notation, much of the structure becomes shorter: sources enter through the four-current, and the antisymmetric field tensor carries the electric and magnetic components together. If the sources vanish in a region, the equations still have nontrivial wave solutions. That is how light appears as a self-propagating electromagnetic disturbance rather than as a separate kind of object."
8.6,Lorenz gauge,8,Gauge Symmetry and Interaction,The Lorenz gauge is the covariant gauge condition \[ \partial_\mu A^\mu=0 \] imposed on the \cref{Vector potential}{7.1}. It selects a convenient representative from a gauge-equivalent family of potentials without changing the physical \cref{Electromagnetic field}{7.5}.,"Because of \cref{Gauge invariance}{8.1}, potentials related by \(A_\mu\rightarrow A_\mu+\partial_\mu\Lambda\) describe the same field tensor. The \cref{Vector potential}{7.1} therefore contains redundant descriptive freedom. The Lorenz gauge fixes part of that freedom by imposing the Lorentz-covariant scalar condition \[ \partial_\mu A^\mu=0. \] With this condition, the potential form of \cref{Maxwell's equations}{7.7} simplifies to a wave equation with source, schematically \(\Box A^\mu=\mu_0 j^\mu\) in SI conventions.","The Lorenz gauge is a choice that makes the potential description cleaner without changing the physical field. Gauge conditions can feel suspicious at first: are we changing the physics? No. We are choosing one representative from many equivalent potentials, much like choosing convenient coordinates. The Lorenz gauge condition \(\partial_\mu A^\mu=0\) is especially useful because it respects Lorentz covariance and turns Maxwell's equations for the potential into a wave-equation form. Remember the spelling: Lorenz gauge, not Lorentz transformation."
8.1,Gauge invariance,8,Gauge Symmetry and Interaction,Gauge invariance is the freedom to change the electromagnetic potential by \[ A_\mu\rightarrow A_\mu+\partial_\mu\Lambda \] without changing the physical electromagnetic field. The \cref{Field tensor}{7.2} remains invariant under this transformation.,"The invariance follows from the construction of the \cref{Field tensor}{7.2}. Under \(A_\mu\rightarrow A_\mu+\partial_\mu\Lambda\), \[ F_{\mu\nu}\rightarrow \partial_\mu(A_\nu+\partial_\nu\Lambda)-\partial_\nu(A_\mu+\partial_\mu\Lambda). \] The added terms cancel because partial derivatives commute: \[ \partial_\mu\partial_\nu\Lambda-\partial_\nu\partial_\mu\Lambda=0. \] Therefore \(F_{\mu\nu}\), and hence the physical \cref{Electromagnetic field}{7.5}, is unchanged.","Gauge invariance says the potential has redundancy: different \(A_\mu\) fields can produce the same \(F_{\mu\nu}\). This can be hard to accept because we are used to different mathematical descriptions meaning different physical situations. Here the field tensor is the observable electromagnetic object, and the potential has extra descriptive freedom. An analogy is choosing coordinates on a map: changing coordinates changes the labels, not the terrain. Gauge invariance is deeper than that analogy, but it helps with the first conceptual step: not every change in the potential is a physical change."
7.6,Four-current,7,Electromagnetic Field,"The four-current \(j^\mu\) combines charge density and current density into one relativistic \cref{Four-vectors}{4.2}: \[ j^\mu=(c\rho,\mathbf j). \] It is the source appearing in covariant \cref{Maxwell's equations}{7.7}.","The four-current is built by packaging local charge density and ordinary current density into a four-vector. Since charge density is the time component of charge flow and \(\mathbf j\) is the spatial flux of charge, the covariant object is \[ j^\mu=(c\rho,j_x,j_y,j_z). \] Its transformation law is the \cref{Four-vectors}{4.2} transformation law. Local conservation is expressed by its four-divergence, \(\partial_\mu j^\mu=0\), developed in \cref{Charge conservation}{8.5}.","The four-current packages charge density and current density into one relativistic source object. Charge density alone is not enough because different observers disagree about densities and currents when charges are moving. What one observer calls mostly charge density, another may partly describe as current. The four-current keeps the bookkeeping together, just as four-momentum keeps energy and momentum together. In a wire, the lab frame and a frame moving with charges can assign different \(\rho\) and \(\mathbf j\), but they are related as components of \(j^\mu\)."
8.3,Minimal coupling,8,Gauge Symmetry and Interaction,"Minimal coupling is the standard prescription for introducing electromagnetic interaction into a charged particle's dynamics by replacing ordinary momentum structure with the gauge-covariant combination involving the \cref{Vector potential}{7.1}, commonly \(p_\mu-eA_\mu\).","The prescription is guided by \cref{Gauge invariance}{8.1} and the existence of the \cref{Vector potential}{7.1}. For a charged particle, one adds the simplest local interaction term between the particle worldline and the potential, proportional to \[ e A_\mu dx^\mu. \] Equivalently, in momentum language the free momentum is replaced by the gauge-covariant combination \[ p_\mu\rightarrow p_\mu-eA_\mu. \] Varying the minimally coupled action gives the \cref{Lorentz force law}{8.4}.","Minimal coupling is the economical way to make a charged particle interact with electromagnetism. Instead of inventing a separate force rule first, we insert the vector potential into the particle's action or momentum structure. The phrase 'minimal' means no unnecessary extra terms: use the simplest local, gauge-compatible coupling. This also explains why canonical momentum and mechanical momentum can differ. In the nonrelativistic limit, the Lagrangian picks up terms involving \(\phi\) and \(\mathbf A\), and varying it gives the Lorentz force."
8.4,Lorentz force law,8,Gauge Symmetry and Interaction,The Lorentz force law is the relativistic equation of motion for a charged particle in an electromagnetic field. In covariant form it relates the rate of change of \cref{Momentum four-vector}{4.5} to the \cref{Field tensor}{7.2} and the particle's \cref{Velocity four-vector}{4.4}.,"Starting from the \cref{Action principle}{5.2} with \cref{Minimal coupling}{8.3}, varying the charged particle worldline gives the covariant force equation \[ \frac{dp^\mu}{d\tau}=eF^\mu{}_{\nu}U^\nu, \] up to conventional placement of indices and unit factors. Here \(p^\mu\) is the \cref{Momentum four-vector}{4.5}, \(U^\nu\) is the \cref{Velocity four-vector}{4.4}, and \(F^\mu{}_{\nu}\) is formed from the \cref{Field tensor}{7.2}. In three-vector form this contains \[ \mathbf F=e(\mathbf E+\mathbf v\times\mathbf B). \]","The Lorentz force law is the bridge from field to particle motion. In three-vector form it says electric fields push charges along the field and magnetic fields deflect moving charges sideways. In covariant form the same statement becomes one compact equation involving \(F^\mu{}_{\nu}\), four-velocity, and four-momentum. The compact notation is not just elegance; it shows that electric and magnetic forces are components of one relativistic interaction. A charge at rest in an electric field and a moving charge curving in a magnetic field are two familiar faces of the same law."
8.5,Charge conservation,8,Gauge Symmetry and Interaction,Charge conservation is the local statement that electric charge cannot appear or disappear. In relativistic notation it is written as the continuity equation for the \cref{Four-current}{7.6}: \[ \partial_\mu j^\mu=0. \],Charge conservation follows from the sourced \cref{Maxwell's equations}{7.7}. Taking the divergence of \[ \partial_\mu F^{\mu\nu}=\mu_0 j^\nu \] gives \[ \partial_\nu\partial_\mu F^{\mu\nu}=\mu_0\partial_\nu j^\nu. \] The left-hand side vanishes because \(F^{\mu\nu}\) is antisymmetric while the double derivative is symmetric in \(\mu\) and \(\nu\). Therefore \[ \partial_\mu j^\mu=0. \] This is the covariant continuity equation for the \cref{Four-current}{7.6}.,"Charge conservation is local bookkeeping. It does not merely say the total charge of the universe stays fixed; it says charge cannot disappear from a small box unless current flows through the boundary. The continuity equation expresses that point-by-point accounting. In Maxwell theory it also follows from the antisymmetry of the field tensor, so it is built into the consistency of the equations. If charge density in a small region decreases, the equation demands an outward current. The charge went somewhere; it did not vanish at an event."
9.4,Energy density of EM field,9,Energy and Momentum in Fields,"The electromagnetic energy density is the energy per unit volume carried by the \cref{Electromagnetic field}{7.5}. In SI units it is \[ u=\frac12\left(\epsilon_0 E^2+\frac{1}{\mu_0}B^2\right), \] where \(\mathbf E\) and \(\mathbf B\) are the \cref{Electric field}{7.3} and \cref{Magnetic field}{7.4}.","The energy density is obtained as the time-time component of the electromagnetic \cref{Energy--momentum tensor}{9.1}. In a chosen inertial frame, decomposing the field tensor into the \cref{Electric field}{7.3} and \cref{Magnetic field}{7.4} gives \[ T^{00}=u=\frac12\left(\epsilon_0 E^2+\frac{1}{\mu_0}B^2\right). \] Thus the energy stored locally in the field is built from the squared electric and magnetic field strengths.","Electromagnetic fields store energy locally. That is a major conceptual step if you first met fields only as devices for exerting forces on charges. The energy is not just in the particles; it can be in the field between them and can move through space. The formula \(u=\tfrac12(\epsilon_0E^2+B^2/\mu_0)\) says stronger fields carry more energy density. In a plane wave, the electric and magnetic contributions are equal, so the field energy is shared between the two components. This energy density is one component of the larger energy-momentum tensor."
9.2,Momentum density (Poynting vector),9,Energy and Momentum in Fields,"The Poynting vector \(\mathbf S\) describes electromagnetic energy flux: the rate at which field energy flows through unit area. In SI units, \[ \mathbf S=\frac{1}{\mu_0}\mathbf E\times\mathbf B. \] It is closely related to the momentum density of the electromagnetic field.","The Poynting vector is obtained from the mixed time-space components of the electromagnetic \cref{Energy--momentum tensor}{9.1}. When those components are decomposed into the \cref{Electric field}{7.3} and \cref{Magnetic field}{7.4}, the energy-flow result from \cref{Field energy}{7.5} gives \[ \mathbf S=\frac{1}{\mu_0}\mathbf E\times\mathbf B. \] The corresponding field momentum density is \[ \mathbf g=\frac{\mathbf S}{c^2}. \]","The Poynting vector tells you where electromagnetic energy is going. Energy density says how much field energy is stored in a region; \(\mathbf S\) says how that energy flows through space. The cross product \(\mathbf E\times\mathbf B\) is a direction cue as well as a formula: in a plane wave with \(\mathbf E\) along \(y\) and \(\mathbf B\) along \(z\), \(\mathbf S\) points along the direction of propagation. Relativity ties this energy flux to momentum density, so field energy flow also means field momentum."
9.3,Stress–energy of EM field,9,Energy and Momentum in Fields,"The electromagnetic stress-energy tensor is the electromagnetic-field instance of the general \cref{Energy--momentum tensor}{9.1}. It combines electromagnetic energy density, momentum density, energy flux, and stresses into one Lorentz-covariant tensor.","For the electromagnetic field, the stress-energy tensor is constructed algebraically from the \cref{Field tensor}{7.2} and the \cref{Metric tensor}{3.1}. With the \(+---\) convention and suppressing unit-dependent constants, a common form is \[ T^{\mu\nu}=-F^{\mu\lambda}F^\nu{}_{\lambda}+\frac14\eta^{\mu\nu}F^{\alpha\beta}F_{\alpha\beta}. \] This is the electromagnetic specialization of the general \cref{Energy--momentum tensor}{9.1}.","The stress-energy tensor may sound abstract, but it is a complete local accounting sheet for electromagnetic energy and momentum. The time-time part is energy density, the mixed parts describe energy flux and momentum density, and the spatial parts describe stresses: momentum flowing across surfaces. Radiation pressure is a concrete example. Light hitting a surface carries momentum, so it can push. Different observers split the tensor into density, flux, and stress differently, but they are decomposing the same covariant object."
9.1,Energy--momentum tensor,9,Energy and Momentum in Fields,"The energy-momentum tensor \(T^{\mu\nu}\) is a rank-two tensor that describes the density and flow of energy and momentum through spacetime. Its conservation equation, \[ \partial_\mu T^{\mu\nu}=0, \] expresses local conservation of energy and momentum for an isolated system.","The energy-momentum tensor is derived from spacetime translation symmetry using \cref{Noether's theorem}{5.6}. If the action is unchanged under constant shifts \[ x^\mu \rightarrow x^\mu+\epsilon^\mu, \] then there is a conserved current for each spacetime direction. These four conserved currents are assembled into \(T^{\mu\nu}\), with the conservation law \[ \partial_\mu T^{\mu\nu}=0. \] For fields described by a Lagrangian density \(\mathcal L(\phi_a,\partial_\mu\phi_a)\), the canonical form is \[ T^\mu{}_{\nu}=\frac{\partial\mathcal L}{\partial(\partial_\mu\phi_a)}\partial_\nu\phi_a-\delta^\mu{}_{\nu}\mathcal L. \] This form may be improved or symmetrized when needed, especially for gauge fields. For electromagnetism, the physically useful symmetric tensor is constructed from the \cref{Field tensor}{7.2}. With the \(+---\) metric convention and suppressing unit-dependent constants, \[ T^{\mu\nu}=-F^{\mu\lambda}F^\nu{}_{\lambda}+\frac14 \eta^{\mu\nu}F^{\alpha\beta}F_{\alpha\beta}. \] This tensor packages electromagnetic energy density, momentum density, and stresses into one Lorentz-covariant object.","The energy-momentum tensor generalizes the idea of energy and momentum conservation to fields and continuous systems. A field can have energy spread through space, momentum flowing from one region to another, and stresses across surfaces. All of that local bookkeeping is held in \(T^{\mu\nu}\). The conservation equation \(\partial_\mu T^{\mu\nu}=0\) says energy-momentum is not disappearing at a point; it is balanced by flow. For electromagnetism, \(T^{00}\) gives field energy density, while other components encode Poynting flux, momentum density, and pressure-like stresses."
10.2,Electromagnetic waves,10,Waves and Radiation,"Electromagnetic waves are propagating source-free disturbances of the \cref{Electromagnetic field}{7.5}. In a chosen frame they appear as coupled oscillations of the \cref{Electric field}{7.3} and \cref{Magnetic field}{7.4}, travelling at speed \(c\) in vacuum.","Electromagnetic waves follow from source-free \cref{Maxwell's equations}{7.7}. In a region where the \cref{Four-current}{7.6} vanishes, Maxwell's equations imply a \cref{Wave equation}{10.1} for the field or for the potential in a suitable gauge: \[ \Box A^\mu=0. \] Plane-wave solutions have electric and magnetic components transverse to the propagation direction, and the speed of propagation is fixed by the invariant light speed \(c\).","An electromagnetic wave is a self-sustaining disturbance of one electromagnetic field, not two independent waves called electric and magnetic. Maxwell's equations link the changing electric and magnetic components so the disturbance propagates at \(c\) in vacuum. In a plane wave, \(\mathbf E\), \(\mathbf B\), and the direction of travel are mutually perpendicular, and the Poynting vector points along the propagation direction. The wave carries energy and momentum, which is why light can heat a surface or exert radiation pressure."
10.1,Wave equation,10,Waves and Radiation,"The relativistic wave equation is a field equation involving the d'Alembertian operator \[ \Box=\partial_\mu\partial^\mu=\frac{1}{c^2}\frac{\partial^2}{\partial t^2}-\nabla^2. \] For electromagnetism, it describes propagating solutions of the vector potential or fields.","The electromagnetic wave equation is obtained from \cref{Maxwell's equations}{7.7}. Writing the field in terms of the \cref{Vector potential}{7.1} and imposing the \cref{Lorenz gauge}{8.6}, \(\partial_\mu A^\mu=0\), the sourced equation becomes schematically \[ \Box A^\mu=\mu_0 j^\mu. \] The operator \(\Box\) is formed using the \cref{Metric tensor}{3.1}. In source-free regions where the \cref{Four-current}{7.6} vanishes, this reduces to \[ \Box A^\mu=0, \] whose solutions describe \cref{Electromagnetic waves}{10.2}.","The wave equation is the mathematical pattern for finite-speed propagation. With the \(+---\) metric, the d'Alembertian has one time part and three spatial parts: \(\Box=c^{-2}\partial_t^2-\nabla^2\). That sign structure is what makes light-cone propagation appear. In electromagnetism, choosing the Lorenz gauge turns the potential equations into a clean wave equation. In a source-free region, plane waves satisfy \(\omega=ck\), which is the compact statement that the disturbance moves at speed \(c\)."
10.3,Radiation reaction,10,Waves and Radiation,Radiation reaction is the back-reaction force on an accelerating charged particle caused by the energy and momentum it radiates away as electromagnetic waves.,"An accelerating charge emits \cref{Electromagnetic waves}{10.2}. Those waves carry energy and momentum, described locally by the \cref{Energy--momentum tensor}{9.1}. Conservation of total energy and momentum then requires the charged particle's motion to be modified: the particle loses energy-momentum to the field it radiates. Radiation reaction is the correction to the motion beyond the applied \cref{Lorentz force law}{8.4}.","Radiation reaction is difficult because the charge is affected by the field it creates. The ordinary Lorentz force describes how an external field acts on a charge. But an accelerating charge emits electromagnetic waves, and those waves carry energy and momentum away. Conservation then says the particle's motion must reflect that loss. A driven electron, for example, radiates while it oscillates, so some work done on it leaves as radiation rather than remaining as particle energy. The details are subtle because self-interaction can lead to unphysical runaway or pre-accelerating solutions if handled carelessly."
11.1,Lorentz invariance,11,Symmetry and Invariance Principles,"Lorentz invariance is the statement that the laws of physics have the same form in all inertial frames related by \cref{Lorentz transformations}{3.3}. Equivalently, physical equations should be expressible using Lorentz-covariant objects and invariant contractions.","Lorentz invariance is the modern mathematical expression of the \cref{Principle of relativity}{1.3} in Minkowski spacetime. The relevant transformations are the \cref{Lorentz transformations}{3.3}, defined by preserving the \cref{Metric tensor}{3.1}: \[ \Lambda^T\eta\Lambda=\eta. \] Objects such as \cref{Four-vectors}{4.2}, the \cref{Field tensor}{7.2}, and the \cref{Energy--momentum tensor}{9.1} transform in ways that preserve tensor equations between inertial frames.","Lorentz invariance is the demand that the form of physical law does not depend on which inertial observer writes it down. This does not mean every observer measures the same components. They usually do not. It means the equations relate objects that transform consistently, so all observers describe the same physics. Tensor notation is helpful because it makes this structure visible: if both sides of an equation are tensors of the same type, covariance is built in. For example, \(p_\mu p^\mu=m^2c^2\) is invariant, while Maxwell's equations in tensor form are covariant."
11.2,Gauge fixing,11,Symmetry and Invariance Principles,Gauge fixing is the choice of one representative potential from a family of gauge-equivalent potentials. It removes redundant descriptive freedom associated with \cref{Gauge invariance}{8.1} without changing the physical electromagnetic field.,"Gauge fixing is possible because \cref{Gauge invariance}{8.1} says that many potentials describe the same physical field. The \cref{Vector potential}{7.1} may be changed while leaving the \cref{Field tensor}{7.2} and hence the \cref{Electromagnetic field}{7.5} unchanged. A gauge condition adds an extra equation selecting a convenient representative. The \cref{Lorenz gauge}{8.6}, \(\partial_\mu A^\mu=0\), is one such choice and is useful because it respects \cref{Lorentz invariance}{11.1}.","Gauge fixing is choosing a convenient representative from many physically equivalent potentials. The danger is to think the gauge choice is an extra physical assumption. It is not; it is a way to remove redundant description. The field tensor remains the same. This is similar in spirit to choosing coordinates, though gauge symmetry has its own physics. The Lorenz gauge is a useful example because it preserves Lorentz covariance and simplifies Maxwell's equations for the potential to a wave-equation form, \(\Box A^\mu=\mu_0j^\mu\)."
